reading,hanja,unicode,meaning_kw,meaning_tags
가,歌,U+6B4C,노래,균형
가,加,U+52A0,더할,균형
가,價,U+50F9,값,균형
가,假,U+5047,거짓,균형
가,茄,U+8304,가지,균형
가,袈,U+8888,가사,균형
가,訶,U+8A36,꾸짖을,균형
가,跏,U+8DCF,책상다리할,균형
가,軻,U+8EFB,수레 가기 힘들,균형
가,哿,U+54FF,좋을,균형
가,嘏,U+560F,클,성장
가,舸,U+8238,큰 배,성장
가,珈,U+73C8,머리꾸미개,개방
가,坷,U+5777,험할,균형
가,斝,U+659D,옥잔,균형
가,榎,U+698E,오동나무,균형
가,檟,U+6A9F,오동나무,균형
가,笳,U+7B33,갈잎피리,균형
각,珏,U+73CF,쌍옥,균형
각,恪,U+606A,삼갈,균형
각,殼,U+6BBC,껍질,균형
각,愨,U+6128,,균형
각,卻,U+537B,물리칠,균형
각,咯,U+54AF,토할,균형
각,埆,U+57C6,메마를,균형
각,搉,U+6409,칠,균형
각,擱,U+64F1,놓을,균형
각,桷,U+6877,서까래,균형
각,慤,U+6164,삼갈,균형
간,肝,U+809D,간,균형
간,幹,U+5E79,줄기,균형
간,簡,U+7C21,대쪽,균형
간,姦,U+59E6,간사할,균형
간,杆,U+6746,지레,균형
간,桿,U+687F,막대기,균형
간,癇,U+7647,,균형
간,癎,U+764E,경풍,균형
갈,渴,U+6E34,목마를,균형
갈,葛,U+845B,칡,균형
갈,乫,U+4E6B,땅이름,균형
갈,喝,U+559D,꾸짖을,균형
갈,曷,U+66F7,어찌,균형
갈,碣,U+78A3,비,균형
갈,竭,U+7AED,다할,균형
갈,褐,U+8910,털베,균형
갈,蝎,U+874E,전갈,균형
갈,鞨,U+97A8,말갈나라,균형
갈,噶,U+5676,벼슬이름,균형
갈,楬,U+696C,패를 써서 표시할,균형
갈,秸,U+79F8,볏짚,균형
갈,羯,U+7FAF,불친 양,균형
갈,蠍,U+880D,전갈,균형
감,坩,U+5769,도가니,균형
감,埳,U+57F3,구덩이,균형
감,嵁,U+5D41,산 험할,균형
감,弇,U+5F07,뚜껑,균형
감,憨,U+61A8,어리석을,균형
감,撼,U+64BC,흔들,균형
감,欿,U+6B3F,서운할,균형
감,歛,U+6B5B,탐할,균형
감,泔,U+6CD4,뜨물,균형
감,淦,U+6DE6,물 이름,균형
감,澉,U+6F89,싱거울,균형
감,矙,U+77D9,엿볼,균형
감,轗,U+8F57,가기 힘들,균형
감,酣,U+9163,흥겨울,균형
감,鑑,U+9451,거울,균형
감,鑒,U+9452,거울,균형
갑,甲,U+7532,갑옷,균형
갑,鉀,U+9240,갑옷,균형
갑,匣,U+5323,궤,균형
갑,岬,U+5CAC,산 허구리,균형
갑,胛,U+80DB,어깻죽지,균형
갑,閘,U+9598,문 빗장,강인함
강,薑,U+8591,생강,강인함
강,鱇,U+9C47,천징어,균형
강,嫝,U+5ADD,,균형
강,跭,U+8DED,,균형
강,襁,U+8941,포대기,균형
강,玒,U+7392,,균형
강,顜,U+985C,,균형
강,茳,U+8333,강리풀,강인함
강,鏹,U+93F9,,균형
강,傋,U+508B,아첨 아니할,균형
강,僵,U+50F5,엎드러질,균형
강,壃,U+58C3,지경,균형
강,忼,U+5FFC,강개할,강인함|개방
강,悾,U+60BE,정성,청렴
개,個,U+500B,낱,균형
개,箇,U+7B87,낱,균형
개,蓋,U+84CB,뚜껑,균형
개,盖,U+76D6,덮을,균형
객,客,U+5BA2,손님,균형
객,喀,U+5580,기침할,균형
갱,更,U+66F4,다시,균형
갱,坑,U+5751,빠질,균형
갱,粳,U+7CB3,메벼,균형
갱,羹,U+7FB9,국,균형
갱,硜,U+785C,아릿아릿할,균형
갱,賡,U+8CE1,이을,균형
갱,鏗,U+93D7,금석 소리,균형
건,建,U+5EFA,세울,성장
건,乾,U+4E7E,하늘,균형
건,件,U+4EF6,조건,균형
건,健,U+5065,굳셀,강인함
건,䢖,U+4896,,균형
건,漧,U+6F27,,균형
건,乹,U+4E79,,균형
걸,傑,U+5091,호걸,균형
걸,乞,U+4E5E,구걸할,균형
걸,桀,U+6840,찢을,균형
걸,乬,U+4E6C,갈,균형
걸,朅,U+6705,갈,균형
걸,榤,U+69A4,닭의 홰,균형
걸,杰,U+6770,뛰어날,균형
검,儉,U+5109,검소할,균형
검,劍,U+528D,칼,균형
검,檢,U+6AA2,교정할,청렴
검,瞼,U+77BC,눈시울,균형
검,鈐,U+9210,굴대 비녀장,강인함
검,黔,U+9ED4,검을,균형
검,撿,U+64BF,잡을,균형
검,芡,U+82A1,마름,균형
검,劒,U+5292,칼,균형
격,格,U+683C,이를,균형
격,擊,U+64CA,칠,균형
격,激,U+6FC0,물결 부딪혀 흐를,균형
격,隔,U+9694,막을,균형
격,檄,U+6A84,격서,균형
격,膈,U+8188,명치,밝음
격,覡,U+89A1,박수,균형
격,挌,U+630C,칠,균형
격,毄,U+6BC4,맞부딛는 소리,균형
격,闃,U+95C3,고요할,안정
격,骼,U+9ABC,마른 뼈,균형
격,鬲,U+9B32,오지병,균형
격,鴃,U+9D03,왜가리,균형
견,鵑,U+9D51,접동새,균형
견,甄,U+7504,질그릇,균형
견,繭,U+7E6D,고치,균형
견,譴,U+8B74,꾸짖을,균형
견,狷,U+72F7,고집스러울,균형
견,畎,U+754E,밭 도랑,균형
견,筧,U+7B67,대 홈통,개방
견,縳,U+7E33,올,균형
견,繾,U+7E7E,곡진할,균형
견,羂,U+7F82,걸,균형
견,蠲,U+8832,밝을,밝음
견,鰹,U+9C39,큰 가물치,성장
결,決,U+6C7A,결단할,균형
결,結,U+7D50,맺을,균형
결,潔,U+6F54,맑을,청렴
결,缺,U+7F3A,이지러질,균형
결,訣,U+8A23,이별할,균형
결,抉,U+6289,긁을,균형
결,㛃,U+36C3,,균형
결,焆,U+7106,,균형
결,迼,U+8FFC,,균형
결,玦,U+73A6,옥패,균형
결,鍥,U+9365,,균형
결,觖,U+89D6,서운할,균형
결,闋,U+95CB,쉴,균형
결,㓗,U+34D7,,균형
결,洯,U+6D2F,,균형
결,䤿,U+493F,,균형
겸,兼,U+517C,겸할,균형
겸,謙,U+8B19,사양할,균형
경,慶,U+6176,경사,균형
경,競,U+7AF6,겨룰,균형
경,竟,U+7ADF,다할,균형
경,境,U+5883,지경,균형
계,界,U+754C,지경,균형
계,堺,U+583A,지경,균형
계,谿,U+8C3F,시내,균형
계,磎,U+78CE,시내,균형
고,考,U+8003,상고할,균형
고,攷,U+6537,생각할,균형
고,皐,U+7690,부르는 소리,균형
고,皋,U+768B,못,균형
곡,谷,U+8C37,골짜기,균형
곡,曲,U+66F2,굽을,균형
곡,穀,U+7A40,곡식,균형
곡,哭,U+54ED,울,균형
곡,斛,U+659B,휘,밝음
곡,梏,U+688F,쇠고랑,균형
곡,鵠,U+9D60,고니,균형
곡,嚳,U+56B3,고할,균형
곡,槲,U+69F2,떡갈나무,균형
곡,縠,U+7E20,주름 비단,균형
곡,觳,U+89F3,뿔잔,균형
곡,轂,U+8F42,바퀴,균형
곤,困,U+56F0,괴로울,균형
곤,坤,U+5764,땅,균형
곤,衮,U+886E,곤룡포,균형
곤,袞,U+889E,곤룡포,균형
골,骨,U+9AA8,뼈,균형
골,汨,U+6C68,빠질,균형
골,滑,U+6ED1,어지러울,균형
골,搰,U+6430,팔,균형
골,榾,U+69BE,등걸,균형
골,鶻,U+9DBB,송골매,균형
공,公,U+516C,공변될,균형
공,孔,U+5B54,구멍,균형
공,供,U+4F9B,이바지할,균형
공,恭,U+606D,공손할,균형
곽,郭,U+90ED,성곽,균형
곽,廓,U+5ED3,둘레,균형
곽,槨,U+69E8,덧널,균형
곽,藿,U+85FF,콩잎,균형
곽,椁,U+6901,관,균형
곽,癨,U+7668,곽란,균형
곽,霍,U+970D,빠를,균형
곽,鞹,U+97B9,무두질한 가죽,균형
관,管,U+7BA1,피리,균형
관,貫,U+8CAB,꿸,균형
관,慣,U+6163,버릇,균형
관,冠,U+51A0,갓,균형
관,館,U+9928,객사,균형
관,舘,U+8218,객사,균형
관,寬,U+5BEC,너그러울,균형
관,寛,U+5BDB,용서할,균형
광,光,U+5149,빛,밝음
광,廣,U+5EE3,넓을,개방
광,鑛,U+945B,쇳돌,균형
광,狂,U+72C2,미질,균형
광,広,U+5E83,넢을,균형
광,炛,U+709B,,균형
광,炚,U+709A,햇빚 뜨거울,밝음
괘,掛,U+639B,걸,균형
괘,卦,U+5366,걸,균형
괘,罫,U+7F6B,줄,균형
괘,咼,U+54BC,입 비뚤어질,지혜
괘,挂,U+6302,그림족자,균형
괘,罣,U+7F63,걸,균형
괘,詿,U+8A7F,그르칠,균형
괴,塊,U+584A,흙덩이,균형
괴,愧,U+6127,부끄러워할,균형
괴,怪,U+602A,기이할,균형
괴,壞,U+58DE,무너질,균형
괴,乖,U+4E56,어그러질,균형
괴,傀,U+5080,클,성장
괴,拐,U+62D0,속일,밝음
괴,槐,U+69D0,홰나무,균형
괴,魁,U+9B41,으뜸,균형
괴,媿,U+5ABF,창피줄,균형
괴,廥,U+5EE5,여물광,밝음
괴,瑰,U+7470,슬이름,균형
괴,璝,U+749D,옥돌,균형
괴,蒯,U+84AF,황모,균형
괴,襘,U+8958,띠매듭,균형
교,餃,U+9903,경단,균형
교,驕,U+9A55,교만할,균형
교,鮫,U+9BAB,상어,균형
교,姣,U+59E3,예쁠,균형
교,佼,U+4F7C,예쁠,균형
교,噭,U+566D,부르짖을,균형
교,憍,U+618D,교만할,균형
교,鄗,U+9117,,균형
교,嘐,U+5610,닭 울,균형
교,嘄,U+5604,부르짖을,균형
교,嚙,U+5699,깨물,균형
교,撟,U+649F,들,균형
교,晈,U+6648,달 밝을,밝음
교,暞,U+669E,밝을,밝음
교,敎,U+654E,가르침,균형
교,教,U+6559,가르칠,균형
구,具,U+5177,갖출,균형
구,俱,U+4FF1,함께,균형
구,區,U+5340,감출,균형
구,驅,U+9A45,몰,균형
구,丘,U+4E18,언덕,균형
구,坵,U+5775,언덕,균형
구,耇,U+8007,명길,밝음
구,耈,U+8008,늙을,균형
구,廏,U+5ECF,마구간,균형
구,廐,U+5ED0,마구간,균형
국,國,U+570B,나라,균형
국,菊,U+83CA,국화,균형
국,局,U+5C40,부분,균형
국,鞠,U+97A0,기를,균형
국,鞫,U+97AB,국문할,균형
국,麴,U+9EB4,누룩,균형
국,𥮗,U+25B97,,균형
국,匊,U+530A,움켜 뜰,균형
국,掬,U+63AC,두 손으로 움킬,균형
국,跼,U+8DFC,구부릴,균형
국,麯,U+9EAF,누룩,균형
국,趜,U+8D9C,,균형
국,国,U+56FD,나라,균형
군,君,U+541B,임금,균형
군,郡,U+90E1,고을,균형
군,軍,U+8ECD,군사,균형
군,群,U+7FA4,무리,균형
군,窘,U+7A98,군색할,균형
군,裙,U+88D9,치마,균형
군,捃,U+6343,주울,균형
군,桾,U+687E,고욤나무,균형
군,皸,U+76B8,얼어터질,균형
굴,屈,U+5C48,굽을,균형
굴,窟,U+7A9F,구멍,균형
굴,堀,U+5800,굴뚝,균형
굴,掘,U+6398,팔,균형
굴,倔,U+5014,딱딱할,균형
굴,崛,U+5D1B,산 높을,균형
굴,淈,U+6DC8,흐릴,균형
굴,詘,U+8A58,굽을,균형
궁,弓,U+5F13,활,균형
궁,宮,U+5BAE,궁궐,균형
궁,窮,U+7AAE,다할,균형
궁,躬,U+8EAC,몸,균형
궁,穹,U+7A79,높을,균형
궁,芎,U+828E,궁궁이,균형
궁,躳,U+8EB3,몸,균형
권,圈,U+5708,둥글,균형
권,眷,U+7737,돌아볼,균형
권,倦,U+5026,게으를,균형
권,捲,U+6372,거둘,균형
권,淃,U+6DC3,물돌아 흐를,균형
권,勌,U+52CC,게으를,균형
권,惓,U+60D3,삼갈,균형
권,棬,U+68EC,휘어만든 나무그릇,밝음
권,睠,U+7760,돌볼,균형
권,綣,U+7DA3,정다울,청렴
권,蜷,U+8737,움추러질,균형
권,權,U+6B0A,권세,균형
권,権,U+6A29,권세,균형
궐,厥,U+53A5,그,균형
궐,闕,U+95D5,대궐,균형
궐,獗,U+7357,도둑 일어날,밝음
궐,蕨,U+8568,고사리,균형
궐,蹶,U+8E76,우물벌레,균형
궤,軌,U+8ECC,수레바퀴 사이,균형
귀,貴,U+8CB4,높을,균형
귀,歸,U+6B78,돌아올,균형
귀,鬼,U+9B3C,귀신,균형
귀,句,U+53E5,글귀,균형
귀,晷,U+6677,시각,균형
귀,䤥,U+4925,,균형
귀,龜,U+9F9C,거북,균형
규,叫,U+53EB,부를,균형
규,規,U+898F,그림쇠,균형
규,糾,U+7CFE,삼합노,균형
규,湀,U+6E40,,균형
규,茥,U+8325,,균형
규,煃,U+7143,,균형
규,刲,U+5232,찌를,균형
규,嬀,U+5B00,성,균형
규,巋,U+5DCB,높고 험준할,균형
규,暌,U+668C,해질,밝음
규,楏,U+694F,호미자루,균형
규,樛,U+6A1B,나무가지 휘어질,밝음|지혜
규,潙,U+6F59,물이름,균형
규,睽,U+777D,어그러질,균형
규,虯,U+866F,뿔없는 용,균형
규,跬,U+8DEC,한발자국,균형
규,闚,U+95DA,갸웃이 볼,균형
규,糺,U+7CFA,거둘,균형
균,均,U+5747,고를,균형
균,菌,U+83CC,버섯,균형
균,畇,U+7547,밭개간할,개방
균,鈞,U+921E,서른 근,균형
균,筠,U+7B60,대껍질,균형
균,勻,U+52FB,고를,균형
균,龜,U+9F9C,(피부가)틀,균형
균,覠,U+89A0,,균형
균,囷,U+56F7,둥근곳집,균형
균,麏,U+9E8F,고라니,균형
균,匀,U+5300,고를,균형
극,極,U+6975,가운데,균형
극,克,U+514B,이길,균형
극,劇,U+5287,심할,균형
극,剋,U+524B,깍일,밝음
극,隙,U+9699,틈,균형
극,戟,U+621F,갈래진 창,균형
극,棘,U+68D8,가시나무,균형
극,亟,U+4E9F,빠를,균형
극,尅,U+5C05,이길,균형
극,屐,U+5C50,나막신,균형
극,郄,U+90C4,틈,균형
금,衾,U+887E,이불,균형
금,襟,U+895F,옷깃,균형
금,昑,U+6611,밝을,밝음
금,妗,U+5997,외숙모,균형
금,擒,U+64D2,사로잡을,균형
금,檎,U+6A8E,능금나무,균형
금,芩,U+82A9,풀 이름,균형
금,衿,U+887F,옷깃,균형
금,唫,U+552B,입 다물,균형
금,噤,U+5664,입 다물,균형
금,嶔,U+5D94,높고 험할,균형
금,笒,U+7B12,첨대,균형
금,黅,U+9EC5,누른 빛,밝음
급,及,U+53CA,미칠,균형
급,給,U+7D66,넉넉할,풍요
급,急,U+6025,급할,균형
급,級,U+7D1A,등급,균형
급,汲,U+6C72,길을,균형
급,伋,U+4F0B,속일,밝음
급,扱,U+6271,미칠,균형
급,圾,U+573E,위태할,균형
급,岌,U+5C8C,높을,균형
급,皀,U+7680,고소할,균형
급,礏,U+790F,산 높은 모양,균형
급,笈,U+7B08,책상자,균형
급,芨,U+82A8,말오줌나무,균형
긍,肯,U+80AF,옳이 여길,균형
긍,亘,U+4E98,구할,균형
긍,兢,U+5162,삼갈,균형
긍,矜,U+77DC,불쌍히 여길,균형
긍,殑,U+6B91,까무라칠,균형
긍,亙,U+4E99,뻗칠,균형
기,旗,U+65D7,기,균형
기,欺,U+6B3A,속일,밝음
기,奇,U+5947,기이할,균형
기,騎,U+9A0E,말탈,균형
기,棋,U+68CB,바둑,균형
기,碁,U+7881,바둑,균형
기,璣,U+74A3,구슬,균형
기,㼄,U+3F04,,균형
긴,緊,U+7DCA,굳게 얽힐,강인함
길,吉,U+5409,길할,균형
길,佶,U+4F76,건장할,강인함
길,桔,U+6854,도라지,균형
길,姞,U+59DE,성,균형
길,拮,U+62EE,일할,밝음
길,蛣,U+86E3,장구벌레,강인함
나,那,U+90A3,어찌,균형
낙,諾,U+8AFE,대답할,균형
난,暖,U+6696,따뜻할,온화
난,難,U+96E3,어려울,균형
난,煖,U+7156,따뜻할,온화
난,偄,U+5044,언약할,균형
난,愞,U+611E,,균형
난,赧,U+8D67,얼굴 붉힐,균형
난,餪,U+992A,풀보기 잔치,균형
남,南,U+5357,남녘,균형
남,男,U+7537,사내,균형
남,楠,U+6960,녹나무,균형
남,湳,U+6E73,강 이름,강인함
남,枏,U+678F,녹나무,균형
남,喃,U+5583,재잘거릴,균형
납,納,U+7D0D,바칠,균형
납,衲,U+8872,기울,균형
낭,娘,U+5A18,아가씨,균형
낭,囊,U+56CA,주머니,균형
낭,曩,U+66E9,접때,균형
내,內,U+5167,안,균형
내,乃,U+4E43,이에,균형
내,奈,U+5948,어찌,균형
내,耐,U+8010,견딜,균형
내,柰,U+67F0,능금나무,균형
내,奶,U+5976,젖,균형
내,嬭,U+5B2D,젖,균형
내,迺,U+8FFA,이에,균형
내,鼐,U+9F10,가마솥,균형
녀,女,U+5973,계집,균형
년,年,U+5E74,해,밝음
년,撚,U+649A,비틀,균형
년,碾,U+78BE,맷돌,균형
년,秊,U+79CA,해,밝음
념,念,U+5FF5,생각,균형
념,恬,U+606C,편안할,안정
념,拈,U+62C8,집을,균형
념,捻,U+637B,비틀,균형
녕,寧,U+5BE7,편안할,안정
녕,獰,U+7370,모질,균형
녕,佞,U+4F5E,재주,지혜
녕,儜,U+511C,고달플,균형
녕,嚀,U+5680,정녕할,청렴
녕,濘,U+6FD8,진흙,균형
녕,寗,U+5BD7,편안할,안정
노,怒,U+6012,성낼,균형
노,奴,U+5974,종,균형
노,努,U+52AA,힘쓸,균형
노,弩,U+5F29,쇠뇌(여러 개의 화살이나 돌을 잇따라 쏘게 된 큰 활),성장|개방
노,瑙,U+7459,마노,균형
노,駑,U+99D1,둔할,균형
노,䛝,U+46DD,,균형
노,呶,U+5476,들랠,균형
노,孥,U+5B65,자식,균형
노,峱,U+5CF1,산이름,균형
노,猱,U+7331,못할,균형
노,笯,U+7B2F,새장,강인함
노,臑,U+81D1,팔마디,균형
농,農,U+8FB2,농사,균형
농,膿,U+81BF,고름,균형
농,濃,U+6FC3,짙을,균형
농,儂,U+5102,나,균형
농,噥,U+5665,달게 먹을,균형
농,穠,U+7A60,후한 제사,균형
농,醲,U+91B2,텁텁한 술,균형
뇌,腦,U+8166,머리,균형
뇌,惱,U+60F1,괴로워할,균형
뇌,餒,U+9912,굶길,균형
능,能,U+80FD,능할,균형
니,泥,U+6CE5,막힐,균형
니,尼,U+5C3C,여승,균형
니,柅,U+67C5,얼레자루,균형
니,濔,U+6FD4,,균형
니,膩,U+81A9,살찔,균형
니,馜,U+999C,,균형
니,㦐,U+3990,,균형
니,呢,U+5462,소근거릴,균형
니,怩,U+6029,부끄러워할,균형
니,祢,U+7962,아비사당,균형
니,禰,U+79B0,아비사당,균형
니,妮,U+59AE,,균형
다,多,U+591A,많을,균형
다,茶,U+8336,차풀,균형
다,爹,U+7239,아비,균형
다,𥥸,U+25978,,균형
다,𣘻,U+2363B,,균형
다,茤,U+8324,,균형
다,觰,U+89F0,,균형
다,鄲,U+9132,조나라 서울,균형
다,奲,U+5972,,균형
다,夛,U+591B,,균형
단,端,U+7AEF,끝,균형
단,旦,U+65E6,밝을,밝음
단,段,U+6BB5,층계,균형
단,壇,U+58C7,제터,균형
달,達,U+9054,통달할,개방
달,撻,U+64BB,매질할,균형
달,澾,U+6FBE,미끄러울,균형
달,獺,U+737A,수달,균형
달,疸,U+75B8,황달,균형
달,妲,U+59B2,계집의 이름,균형
달,怛,U+601B,깜짝 놀랄,균형
달,闥,U+95E5,대문,균형
달,靼,U+977C,다룬가죽,균형
달,韃,U+97C3,칠,균형
담,談,U+8AC7,말씀,균형
담,淡,U+6DE1,물모양,균형
담,擔,U+64D4,질,균형
담,倓,U+5013,편안할,안정
담,啿,U+557F,많을,균형
담,埮,U+57EE,,균형
담,炎,U+708E,불꽃,균형
담,儋,U+510B,기운차고 날쌜해집,밝음
담,啗,U+5557,씹을,균형
담,噉,U+5649,씹을,균형
담,墰,U+58B0,목긴 술병,균형
담,壜,U+58DC,술병,균형
담,毯,U+6BEF,담자리,균형
담,禫,U+79AB,담제,균형
담,罎,U+7F4E,술병,균형
담,薝,U+859D,치자나무,균형
담,郯,U+90EF,나라이름,균형
답,答,U+7B54,젖을,균형
답,畓,U+7553,논,균형
답,踏,U+8E0F,떨어지는 소리,균형
답,沓,U+6C93,거듭,균형
답,遝,U+905D,가다가설,균형
대,臺,U+81FA,능,균형
대,坮,U+576E,들,균형
대,擡,U+64E1,들,균형
대,抬,U+62AC,칠,균형
덕,德,U+5FB7,큰,성장
덕,悳,U+60B3,큰,성장
덕,徳,U+5FB3,큰,성장
도,都,U+90FD,도읍,균형
도,桃,U+6843,복숭아 나무,균형
도,挑,U+6311,돋을,균형
도,跳,U+8DF3,뛸,균형
도,睹,U+7779,볼,균형
도,萄,U+8404,포도나무,균형
도,覩,U+89A9,볼,균형
도,賭,U+8CED,노름,균형
도,韜,U+97DC,활집,균형
도,馟,U+999F,,균형
도,祹,U+7979,,균형
도,鋾,U+92FE,,균형
도,夲,U+5932,,균형
도,稌,U+7A0C,찰벼,균형
도,叨,U+53E8,탐할,균형
도,壔,U+58D4,작은 성,균형
도,弢,U+5F22,활집,균형
도,忉,U+5FC9,근심할,균형
도,島,U+5CF6,섬,균형
도,嶋,U+5D8B,섬,균형
도,道,U+9053,길,균형
도,噵,U+5675,,균형
독,瀆,U+7006,도랑,균형
독,牘,U+7258,편지,균형
독,犢,U+72A2,송아지,균형
독,禿,U+79BF,대머리,균형
독,纛,U+7E9B,클 깃발,성장
독,櫝,U+6ADD,함,균형
독,黷,U+9EF7,더러울,균형
돈,豚,U+8C5A,돼지,균형
돈,敦,U+6566,도타울,균형
돈,墩,U+58A9,돈대,균형
돈,惇,U+60C7,두터울,균형
돈,暾,U+66BE,아침해,밝음
돈,燉,U+71C9,불 성할,균형
돈,頓,U+9813,조아릴,균형
돈,旽,U+65FD,늘 돋을,균형
돈,沌,U+6C8C,기름 덩어리,균형
돈,焞,U+711E,귀갑 지지는 불,균형
돈,弴,U+5F34,그림 그린 활,균형
돈,潡,U+6F61,큰 물,성장
돈,躉,U+8E89,거룻배,균형
돌,突,U+7A81,부딪칠,균형
돌,乭,U+4E6D,이름,균형
돌,咄,U+5484,꾸짖을,균형
돌,堗,U+5817,굴똑,균형
동,同,U+540C,같을,균형
동,仝,U+4EDD,한가지,균형
두,斗,U+6597,말,균형
두,豆,U+8C46,콩,균형
두,頭,U+982D,머리,균형
둔,鈍,U+920D,무딜,균형
둔,屯,U+5C6F,진칠,균형
둔,遁,U+9041,달아날,균형
둔,臀,U+81C0,볼기,균형
둔,芚,U+829A,채소 이름,균형
둔,遯,U+906F,달아날,균형
둔,窀,U+7A80,광중,밝음|균형
둔,迍,U+8FCD,머뭇거릴,균형
득,得,U+5F97,얻을,균형
등,等,U+7B49,가지런할,균형
등,登,U+767B,오를,균형
등,燈,U+71C8,등잔,균형
등,騰,U+9A30,오를,균형
등,藤,U+85E4,등나무,균형
등,謄,U+8B04,베낄,균형
등,鄧,U+9127,나라 이름,균형
등,嶝,U+5D9D,고개,개방
등,橙,U+6A59,등자나무,균형
등,凳,U+51F3,걸상,균형
등,墱,U+58B1,자드락길,균형
등,滕,U+6ED5,물 솟을,균형
등,磴,U+78F4,돌 비탈길,균형
등,籐,U+7C50,대 기구,균형
등,縢,U+7E22,봉할,균형
등,螣,U+87A3,등사,균형
등,鐙,U+9419,등잔,균형
라,羅,U+7F85,새그물,균형
락,落,U+843D,떨어질,지혜
락,樂,U+6A02,즐길,균형
락,絡,U+7D61,헌솜,균형
락,珞,U+73DE,구슬 목걸이,균형
락,酪,U+916A,진한 유즙,균형
락,烙,U+70D9,지질,균형
락,駱,U+99F1,낙타,균형
락,洛,U+6D1B,강이름,강인함
락,嗠,U+55E0,진한 유즙,균형
락,犖,U+7296,얼룩소,균형
란,卵,U+5375,알,균형
란,亂,U+4E82,어지러울,균형
란,蘭,U+862D,난초,균형
란,欄,U+6B04,난간,균형
람,覽,U+89BD,볼,균형
람,濫,U+6FEB,퍼질,균형
람,嵐,U+5D50,남기,균형
람,攬,U+652C,잡을,균형
람,欖,U+6B16,감람나무,균형
람,籃,U+7C43,바구니,균형
람,纜,U+7E9C,닻줄,균형
람,襤,U+8964,누더기,균형
람,藍,U+85CD,쪽,균형
람,㛦,U+36E6,,균형
람,灆,U+7046,,균형
람,婪,U+5A6A,탐할,균형
람,漤,U+6F24,,균형
람,爁,U+7201,,균형
람,璼,U+74BC,,균형
람,惏,U+60CF,떨릴,균형
람,擥,U+64E5,가질,균형
람,𢱯,U+22C6F,,균형
랑,浪,U+6D6A,물결,균형
랑,郞,U+90DE,사나이,균형
랑,廊,U+5ECA,복도,균형
랑,琅,U+7405,옥 이름,균형
랑,瑯,U+746F,고을 이름,균형
랑,狼,U+72FC,이리,균형
랑,朗,U+6717,밝을,밝음
랑,烺,U+70FA,,균형
랑,蜋,U+870B,사마귀,균형
랑,㢃,U+3883,,균형
랑,駺,U+99FA,,균형
랑,榔,U+6994,나무 이름,균형
랑,閬,U+95AC,솟을 대문,균형
랑,硠,U+7860,돌 부딪는 소라,균형
랑,稂,U+7A02,강아지 풀,강인함
랑,莨,U+83A8,수크령,성장
랑,㫰,U+3AF0,,균형
랑,螂,U+8782,사마귀,균형
랑,郎,U+90CE,남편,균형
래,來,U+4F86,올,균형
래,崍,U+5D0D,산 이름,균형
래,萊,U+840A,명아주,밝음
래,徠,U+5FA0,올,균형
래,淶,U+6DF6,강 이름,강인함
래,騋,U+9A0B,큰 말,성장
래,唻,U+553B,,균형
래,来,U+6765,,균형
래,𧼛,U+27F1B,,균형
랭,冷,U+51B7,찰,균형
략,略,U+7565,다스릴,균형
략,掠,U+63A0,노략질할,균형
략,畧,U+7567,다스릴,균형
량,亮,U+4EAE,밝을,밝음
량,倆,U+5006,재주,지혜
량,樑,U+6A11,들보,균형
량,粱,U+7CB1,기장,강인함
량,輛,U+8F1B,수레,균형
량,駺,U+99FA,,균형
량,俍,U+4FCD,어질,지혜
량,喨,U+55A8,소리 맑을,청렴
량,悢,U+60A2,슬퍼할,균형
량,踉,U+8E09,뛸,균형
량,魎,U+9B4E,도깨비,균형
량,糧,U+7CE7,양식,균형
량,粮,U+7CAE,양식,균형
량,涼,U+6DBC,서늘할,균형
량,凉,U+51C9,서늘할,균형
려,旅,U+65C5,군사,균형
려,麗,U+9E97,고울,균형
려,慮,U+616E,생각할,균형
려,勵,U+52F5,힘쓸,균형
력,力,U+529B,힘,균형
력,歷,U+6B77,지낼,균형
력,曆,U+66C6,책력,균형
력,瀝,U+701D,거를,균형
력,礫,U+792B,조약돌,균형
력,轢,U+8F62,삐걱거릴,균형
력,靂,U+9742,벼락,균형
력,攊,U+650A,칠,균형
력,櫟,U+6ADF,상수리나무,균형
력,櫪,U+6AEA,말구유,균형
력,癧,U+7667,연주창,균형
력,轣,U+8F63,갈,균형
력,酈,U+9148,땅 이름,균형
련,煉,U+7149,불릴,균형
련,璉,U+7489,호련,균형
련,攣,U+6523,걸릴,균형
련,漣,U+6F23,물놀이,균형
련,輦,U+8F26,손수레,균형
련,孌,U+5B4C,아름다울,균형
련,𨏶,U+283F6,,균형
련,楝,U+695D,멀구슬나무,균형
련,湅,U+6E45,누일,밝음
련,臠,U+81E0,저민고기,균형
련,鏈,U+93C8,쇠사슬,균형
련,鰊,U+9C0A,고기 이름,균형
련,鰱,U+9C31,연어,균형
련,奱,U+5971,,균형
렬,列,U+5217,줄,균형
렬,烈,U+70C8,세찰,균형
렬,裂,U+88C2,찢을,균형
렬,劣,U+52A3,못할,균형
렬,洌,U+6D0C,맑을,청렴
렬,冽,U+51BD,찰,균형
렬,挒,U+6312,비틀,균형
렬,捩,U+6369,비틀,균형
렬,颲,U+98B2,사나운 바람,균형
렴,廉,U+5EC9,청렴할,청렴
렴,濂,U+6FC2,내 이름,균형
렴,簾,U+7C3E,발,균형
렴,斂,U+6582,거둘,균형
렴,殮,U+6BAE,염할,균형
렴,瀲,U+7032,넘칠,균형
렴,磏,U+78CF,거친 숫돌,균형
렵,獵,U+7375,사냥,균형
렵,躐,U+8E90,밟을,균형
렵,鬣,U+9B23,갈기,균형
령,岭,U+5CAD,산 이름,균형
령,岺,U+5CBA,재,균형
례,例,U+4F8B,법식,균형
례,禮,U+79AE,예도,균형
례,隷,U+96B7,종,균형
례,澧,U+6FA7,강 이름,강인함
례,醴,U+91B4,단술,균형
례,隸,U+96B8,붙을,균형
례,鱧,U+9C67,가물치,균형
례,礼,U+793C,예도,균형
로,櫨,U+6AE8,,균형
로,蕗,U+8557,,균형
로,潦,U+6F66,큰 비,성장
로,瓐,U+74D0,,균형
로,澇,U+6F87,,균형
로,壚,U+58DA,흑토,균형
로,滷,U+6EF7,소금밭,균형
로,玈,U+7388,검을,균형
로,癆,U+7646,종독,균형
로,窂,U+7A82,우리,균형
로,鸕,U+9E15,가마우지,균형
로,艪,U+826A,노,균형
로,艫,U+826B,뱃머리,균형
로,轤,U+8F64,고패,균형
로,虜,U+865C,포로,균형
록,綠,U+7DA0,초록빛,밝음
록,祿,U+797F,복,균형
록,錄,U+9304,기록할,균형
록,鹿,U+9E7F,사슴,균형
록,彔,U+5F54,나무 깍을,균형
록,碌,U+788C,돌 모양,균형
록,菉,U+83C9,조개풀,개방
록,麓,U+9E93,신기슭,균형
록,淥,U+6DE5,밭을,균형
록,漉,U+6F09,거를,균형
록,簏,U+7C0F,대 상자,균형
록,轆,U+8F46,도르래,균형
록,鵦,U+9D66,,균형
론,論,U+8AD6,말할,균형
롱,弄,U+5F04,희롱할,균형
롱,瀧,U+7027,비 올,균형
롱,瓏,U+74CF,옥소리,균형
롱,籠,U+7C60,대그릇,균형
롱,壟,U+58DF,언덕,균형
롱,朧,U+6727,흐릿할,균형
롱,聾,U+807E,귀머거리,균형
롱,儱,U+5131,건목칠,균형
롱,攏,U+650F,누를,균형
롱,曨,U+66E8,어스레할,균형
롱,礱,U+7931,갈,균형
롱,蘢,U+8622,개여뀌,개방
롱,隴,U+96B4,고개 이름,개방
뢰,雷,U+96F7,우뢰,균형
뢰,賴,U+8CF4,힘 입을,균형
뢰,頼,U+983C,의뢰할,균형
료,料,U+6599,되질할,균형
료,了,U+4E86,마칠,균형
료,僚,U+50DA,동료,균형
룡,龍,U+9F8D,용,균형
룡,龒,U+9F92,용,균형
룡,竜,U+7ADC,용,균형
류,柳,U+67F3,버들,균형
류,留,U+7559,머무를,균형
류,流,U+6D41,흐를,균형
류,類,U+985E,무리,균형
류,琉,U+7409,유리,균형
류,劉,U+5289,죽일,밝음
류,硫,U+786B,유황,균형
류,瘤,U+7624,혹,균형
류,旒,U+65D2,깃발,균형
류,榴,U+69B4,석류나무,균형
류,溜,U+6E9C,방울져 떨어질,지혜|개방
류,瀏,U+700F,맑을,청렴
류,謬,U+8B2C,그릇될,균형
류,橊,U+6A4A,석류나무,균형
류,縲,U+7E32,포승,균형
류,纍,U+7E8D,갇힐,균형
류,遛,U+905B,머무를,균형
류,鶹,U+9DB9,올빼미,균형
류,瑠,U+7460,맑은 유리,청렴
륙,六,U+516D,여섯,균형
륙,陸,U+9678,뭍,균형
륙,戮,U+622E,죽일,밝음
륙,勠,U+52E0,협력할,균형
륜,倫,U+502B,인륜,균형
륜,輪,U+8F2A,바퀴,균형
륜,侖,U+4F96,둥글,균형
륜,崙,U+5D19,산 이름,균형
륜,綸,U+7DB8,낚싯줄,균형
륜,淪,U+6DEA,물놀이,균형
륜,錀,U+9300,,균형
륜,圇,U+5707,완전할,균형
륜,掄,U+6384,가릴,균형
륜,崘,U+5D18,,균형
률,律,U+5F8B,법,균형
률,栗,U+6817,밤나무,균형
률,率,U+7387,거느릴,균형
률,慄,U+6144,두려워할,균형
률,嵂,U+5D42,가파를,균형
률,𥠲,U+25832,,균형
률,瑮,U+746E,,균형
률,溧,U+6EA7,강 이름,강인함
륭,隆,U+9686,클,성장
륭,癃,U+7643,느른할,균형
륭,窿,U+7ABF,활꼴,균형
륭,㦕,U+3995,,균형
름,廩,U+5EE9,곳집,균형
름,凛,U+51DB,찰,균형
름,菻,U+83FB,,균형
름,澟,U+6F9F,서늘할,균형
름,凜,U+51DC,찰,균형
릉,陵,U+9675,큰 언덕,성장
릉,綾,U+7DBE,비단,균형
릉,菱,U+83F1,마름,균형
릉,稜,U+7A1C,모,균형
릉,凌,U+51CC,능가할,균형
릉,倰,U+5030,속일,밝음
릉,蔆,U+8506,마름,균형
릉,楞,U+695E,모,균형
리,李,U+674E,오얏,균형
리,吏,U+540F,벼슬아치,균형
리,離,U+96E2,떼 놓을,균형
리,裏,U+88CF,속,균형
리,𢻠,U+22EE0,,균형
리,犂,U+7282,,균형
리,摛,U+645B,,균형
리,剺,U+527A,벗길,균형
리,哩,U+54E9,어조사,균형
리,嫠,U+5AE0,과부,균형
리,莅,U+8385,다다를,균형
리,蜊,U+870A,참조개,개방
리,螭,U+87AD,교륭,균형
리,貍,U+8C8D,삵,균형
리,邐,U+9090,이어질,지혜
리,魑,U+9B51,도깨비,균형
리,黐,U+9ED0,끈끈이,균형
리,漓,U+6F13,스며들,균형
린,鄰,U+9130,이웃,균형
린,麟,U+9E9F,기린,균형
린,𪊭,U+2A2AD,,균형
린,隣,U+96A3,이웃,균형
림,林,U+6797,수풀,균형
림,臨,U+81E8,임할,균형
림,琳,U+7433,아름다운 옥,균형
림,霖,U+9716,장마,강인함
림,淋,U+6DCB,물뿌릴,균형
림,棽,U+68FD,,균형
림,碄,U+7884,,균형
림,晽,U+667D,,균형
림,玪,U+73AA,,균형
림,痳,U+75F3,임질,균형
립,立,U+7ACB,설,균형
립,笠,U+7B20,우리,균형
립,粒,U+7C92,알,균형
립,砬,U+782C,돌 소리,균형
립,岦,U+5CA6,산 우뚝할,균형
마,馬,U+99AC,말,균형
마,麻,U+9EBB,삼,균형
마,磨,U+78E8,갈,균형
마,瑪,U+746A,마노,균형
마,摩,U+6469,갈,균형
마,痲,U+75F2,저릴,균형
마,碼,U+78BC,마노,균형
마,魔,U+9B54,마귀,균형
마,媽,U+5ABD,어미,균형
마,劘,U+5298,깍을,균형
마,螞,U+879E,말거머리,균형
마,蟇,U+87C7,개구리,개방
마,麽,U+9EBD,잘,균형
막,莫,U+83AB,없을,균형
막,幕,U+5E55,막,균형
막,漠,U+6F20,사막,균형
막,寞,U+5BDE,쓸쓸할,균형
막,膜,U+819C,막,균형
막,邈,U+9088,멀,균형
막,瞙,U+7799,눈 흐릴,균형
막,鏌,U+93CC,칼 이름,균형
만,萬,U+842C,일만,밝음
만,万,U+4E07,일만,밝음
말,末,U+672B,끝,균형
말,茉,U+8309,말리,균형
말,唜,U+551C,끌,균형
말,抹,U+62B9,바랄,균형
말,沫,U+6CAB,거품,균형
말,襪,U+896A,버선,균형
말,靺,U+977A,버선,균형
말,帕,U+5E15,머리띠,균형
말,秣,U+79E3,꼴,균형
망,網,U+7DB2,그물,균형
망,芒,U+8292,까끄라기,균형
망,輞,U+8F1E,바퀴테,균형
망,邙,U+9099,산 이름,균형
망,惘,U+60D8,멍할,균형
망,汒,U+6C52,황급할,균형
망,漭,U+6F2D,넓을,개방
망,魍,U+9B4D,도깨비,균형
망,莽,U+83BD,우거질,균형
망,望,U+671B,바랄,균형
망,朢,U+6722,,균형
맥,麥,U+9EA5,보리,균형
맥,脈,U+8108,맥,균형
맥,貊,U+8C8A,북방 종족,개방
맥,陌,U+964C,두렁,균형
맥,驀,U+9A40,말탈,균형
맥,貃,U+8C83,오랑캐,균형
맥,貘,U+8C98,짐승 이름,균형
맹,孟,U+5B5F,맏,균형
맹,猛,U+731B,사나울,균형
맹,盟,U+76DF,맹세할,균형
맹,盲,U+76F2,소경,균형
맹,萌,U+840C,싹,균형
맹,氓,U+6C13,백성,균형
맹,甍,U+750D,용마루,균형
맹,甿,U+753F,백성,균형
맹,虻,U+867B,등에,균형
면,冕,U+5195,면류관,균형
면,棉,U+68C9,목화,균형
면,沔,U+6C94,물 흐를,균형
면,眄,U+7704,애꾸눈,균형
면,緬,U+7DEC,가는 실,균형
면,麪,U+9EAA,밀가루,균형
면,俛,U+4FDB,힘쓸,균형
면,湎,U+6E4E,빠질,균형
면,緜,U+7DDC,햇솜,밝음
면,麵,U+9EB5,밀가루,균형
멸,滅,U+6EC5,멸망할,균형
멸,蔑,U+8511,업신여길,균형
멸,篾,U+7BFE,대 껍질,균형
멸,衊,U+884A,모독할,균형
명,溟,U+6E9F,어두울,균형
명,暝,U+669D,어두울,균형
명,椧,U+6927,홈 통,개방
명,皿,U+76BF,그릇,균형
명,瞑,U+7791,눈 감을,균형
명,茗,U+8317,차 싹,균형
명,蓂,U+84C2,명협,밝음
명,螟,U+879F,마디충,균형
명,酩,U+9169,술 취할,균형
명,慏,U+614F,,균형
명,洺,U+6D3A,강 이름,강인함
명,眀,U+7700,,균형
명,䳟,U+4CDF,,균형
모,謀,U+8B00,꾀할,균형
모,模,U+6A21,법,균형
모,貌,U+8C8C,얼굴,균형
모,募,U+52DF,모을,집중
목,木,U+6728,나무,균형
목,目,U+76EE,눈,균형
목,牧,U+7267,칠,균형
목,睦,U+7766,화목할,온화
목,穆,U+7A46,화목할,온화
목,鶩,U+9DA9,집오리,균형
목,沐,U+6C90,머리감을,균형
목,苜,U+82DC,거여목,균형
몰,沒,U+6C92,가라 앉을,균형
몰,歿,U+6B7F,죽을,균형
몽,夢,U+5922,꿈,균형
몽,蒙,U+8499,입을,균형
몽,朦,U+6726,풍부할,풍요
몽,幪,U+5E6A,덮을,균형
몽,懞,U+61DE,어두울,균형
몽,曚,U+66DA,어두울,균형
몽,溕,U+6E95,이슬비,균형
몽,濛,U+6FDB,가랑비 올,균형
몽,瞢,U+77A2,어두울,균형
몽,矇,U+77C7,소경,균형
몽,艨,U+8268,싸움배,균형
몽,雺,U+96FA,안개,개방
몽,鸏,U+9E0F,비둘기,균형
묘,描,U+63CF,그릴,균형
묘,錨,U+9328,닻,균형
묘,畝,U+755D,이랑,균형
묘,昴,U+6634,별자리 이름,균형
묘,杳,U+6773,어두울,균형
묘,渺,U+6E3A,아득할,균형
묘,猫,U+732B,고양이,균형
묘,淼,U+6DFC,물 아득할,균형
묘,眇,U+7707,애꾸눈,균형
묘,藐,U+85D0,작을,균형
묘,貓,U+8C93,고양이,균형
묘,妙,U+5999,묘할,균형
묘,竗,U+7AD7,땅 이름,균형
무,無,U+7121,없을,균형
무,无,U+65E0,없을,균형
묵,墨,U+58A8,먹,균형
묵,默,U+9ED8,묵묵할,균형
묵,嘿,U+563F,고요할,안정
문,門,U+9580,문,균형
문,問,U+554F,물을,균형
문,聞,U+805E,들을,균형
문,文,U+6587,무늬,균형
물,勿,U+52FF,말,균형
물,物,U+7269,만물,균형
물,沕,U+6C95,아득할,균형
미,媺,U+5ABA,착하고 아름다울,균형
미,濔,U+6FD4,,균형
미,煝,U+715D,,균형
미,娓,U+5A13,장황할,강인함
미,洣,U+6D23,,균형
미,侎,U+4F8E,어루만질,균형
미,瑂,U+7442,,균형
미,𥹄,U+25E44,,균형
미,㵟,U+3D5F,,균형
미,冞,U+519E,점점,균형
미,蘪,U+862A,,균형
미,亹,U+4EB9,힘쓸,균형
미,弭,U+5F2D,활고자,균형
미,彌,U+5F4C,두루,균형
미,弥,U+5F25,미륵,균형
민,民,U+6C11,백성,균형
민,敏,U+654F,민첩할,균형
민,憫,U+61AB,불쌍히 여길,균형
민,悶,U+60B6,번민할,균형
민,緡,U+7DE1,낚시줄,균형
민,𩔉,U+29509,,균형
민,鈱,U+9231,,균형
민,脗,U+8117,,균형
민,閩,U+95A9,종족이름,균형
민,盿,U+76FF,,균형
민,罠,U+7F60,그물,균형
민,琝,U+741D,,균형
민,琘,U+7418,,균형
민,緍,U+7DCD,낚시줄,균형
민,苠,U+82E0,속대,균형
민,鰵,U+9C35,대구,균형
민,黽,U+9EFD,힘쓸,균형
민,珉,U+73C9,아름다운돌,균형
민,瑉,U+7449,,균형
민,砇,U+7807,,균형
민,䃉,U+40C9,,균형
민,忞,U+5FDE,강인할,강인함
민,忟,U+5FDF,강인할,강인함
밀,密,U+5BC6,빽빽할,균형
밀,蜜,U+871C,꿀,균형
밀,謐,U+8B10,고요할,안정
밀,樒,U+6A12,침향,균형
밀,滵,U+6EF5,물 흐르는 모양,균형
반,盤,U+76E4,소반,균형
반,班,U+73ED,나눌,균형
반,返,U+8FD4,돌이킬,균형
반,叛,U+53DB,배반할,균형
발,發,U+767C,쏠,균형
발,拔,U+62D4,뺄,균형
발,髮,U+9AEE,터럭,균형
발,潑,U+6F51,뿌릴,균형
발,鉢,U+9262,바리때,균형
발,渤,U+6E24,바다이름,균형
발,勃,U+52C3,갑작스러울,균형
발,撥,U+64A5,다스릴,균형
발,跋,U+8DCB,밟을,균형
발,醱,U+91B1,술 괼,균형
발,魃,U+9B43,가물 귀신,균형
발,炦,U+70A6,,균형
발,哱,U+54F1,어지러울,균형
발,浡,U+6D61,일어날,밝음
발,脖,U+8116,배꼽,균형
발,鈸,U+9238,방울,개방
발,鵓,U+9D53,집비둘기,균형
방,訪,U+8A2A,찾을,균형
방,芳,U+82B3,꽃다울,균형
방,傍,U+508D,곁,균형
방,妨,U+59A8,방해할,밝음|개방
방,蒡,U+84A1,인동 덩굴,균형
방,蚌,U+868C,방합,개방
방,謗,U+8B17,헐뜯을,균형
방,幫,U+5E6B,도울,균형
방,仿,U+4EFF,헤멜,균형
방,厖,U+5396,클,성장
방,徬,U+5FAC,시중들,균형
방,搒,U+6412,배저을,균형
방,旊,U+65CA,옹기장,강인함
방,梆,U+6886,목어,균형
방,牓,U+7253,패,균형
방,舽,U+823D,배,균형
방,螃,U+8783,방게,개방
방,鎊,U+938A,깎을,균형
방,幇,U+5E47,도울,균형
배,杯,U+676F,잔,균형
배,盃,U+76C3,잔,균형
배,裴,U+88F4,옷 치렁치렁할,균형
배,裵,U+88F5,치렁치렁할,균형
백,白,U+767D,흰,균형
백,百,U+767E,일백,밝음
백,伯,U+4F2F,맏,균형
백,佰,U+4F70,일백,밝음
백,帛,U+5E1B,비단,균형
백,魄,U+9B44,넋,균형
백,柏,U+67CF,나무 이름,균형
백,苩,U+82E9,,균형
백,䞟,U+479F,,균형
백,珀,U+73C0,호박,균형
백,栢,U+6822,측백,균형
번,番,U+756A,갈마들,균형
번,煩,U+7169,괴로워할,균형
번,繁,U+7E41,많을,균형
번,飜,U+98DC,뒤칠,균형
번,蕃,U+8543,우거질,균형
번,幡,U+5E61,기,균형
번,樊,U+6A0A,울,균형
번,燔,U+71D4,구울,균형
번,磻,U+78FB,강이름,강인함
번,藩,U+85E9,덮을,균형
번,繙,U+7E59,되풀이 풀이할,균형
번,膰,U+81B0,제사 고기,균형
번,蘩,U+8629,산흰쑥,균형
번,袢,U+88A2,속옷,균형
번,翻,U+7FFB,날,균형
벌,伐,U+4F10,칠,균형
벌,罰,U+7F70,죄,균형
벌,閥,U+95A5,공훈,균형
벌,筏,U+7B4F,떼,균형
벌,橃,U+6A43,떼,균형
벌,罸,U+7F78,죄,균형
범,凡,U+51E1,무릇,균형
범,犯,U+72AF,범할,균형
범,範,U+7BC4,법,균형
범,帆,U+5E06,돛,균형
범,杋,U+674B,,균형
범,氾,U+6C3E,넘칠,균형
범,范,U+8303,풀 이름,균형
범,梵,U+68B5,범어,균형
범,泛,U+6CDB,뜰,균형
범,汎,U+6C4E,뜰,균형
범,釩,U+91E9,,균형
범,渢,U+6E22,,균형
범,滼,U+6EFC,,균형
범,笵,U+7B35,법,균형
범,訉,U+8A09,말 많을,균형
범,颿,U+98BF,돛,균형
법,法,U+6CD5,법,균형
법,琺,U+743A,법랑,균형
벽,壁,U+58C1,벽,균형
벽,碧,U+78A7,푸를,균형
벽,檗,U+6A97,황벽나무,균형
벽,蘗,U+8617,황경나무,균형
변,變,U+8B8A,변할,균형
변,辯,U+8FAF,말잘할,균형
변,辨,U+8FA8,분별할,균형
변,邊,U+908A,가,균형
변,卞,U+535E,조급할,균형
변,弁,U+5F01,고깔,균형
변,便,U+4FBF,똥오줌,균형
변,釆,U+91C6,분별할,균형
변,忭,U+5FED,기뻐할,균형
변,抃,U+6283,손뼉칠,균형
변,籩,U+7C69,제기 이름,균형
변,腁,U+8141,살갗 틀,균형
변,賆,U+8CC6,더할,균형
변,辮,U+8FAE,땋을,균형
변,駢,U+99E2,나란히 할,균형
변,骿,U+9ABF,통갈비,개방
변,鴘,U+9D18,매,균형
별,別,U+5225,나눌,균형
별,瞥,U+77A5,언뜻 볼,균형
별,鼈,U+9F08,자라,성장
별,襒,U+8952,,균형
별,𩠻,U+2983B,,균형
별,莂,U+8382,,균형
별,鷩,U+9DE9,금계,균형
별,䭱,U+4B71,,균형
별,㔡,U+3521,,균형
별,炦,U+70A6,,균형
별,彆,U+5F46,활 뒤틀릴,균형
별,鱉,U+9C49,자라,성장
보,寶,U+5BF6,보배,균형
보,宝,U+5B9D,보배,균형
보,珤,U+73E4,보배,균형
보,㻄,U+3EC4,,균형
보,步,U+6B65,걸을,균형
보,歩,U+6B69,걸을,균형
본,本,U+672C,밑,균형
봉,峯,U+5CEF,봉우리,균형
봉,峰,U+5CF0,峯과 同,균형
봉,漨,U+6F28,,균형
봉,浲,U+6D72,,균형
부,付,U+4ED8,줄,균형
부,符,U+7B26,부신,균형
부,附,U+9644,붙을,균형
부,府,U+5E9C,곳집,균형
북,北,U+5317,북녘,균형
분,帉,U+5E09,걸레,균형
분,枌,U+678C,나무 이름,균형
분,棼,U+68FC,마룻대,균형
분,棻,U+68FB,향내 나는 나무,균형
분,氛,U+6C1B,기운,균형
분,湓,U+6E53,용솟음할,균형
분,濆,U+6FC6,뿜을,균형
분,犇,U+7287,달아날,균형
분,畚,U+755A,삼태기,균형
분,砏,U+780F,큰 소리,성장
분,笨,U+7B28,거칠,균형
분,肦,U+80A6,머리 클,성장
분,膹,U+81B9,고기 삶은 국,균형
분,蕡,U+8561,들깨,균형
불,不,U+4E0D,아닐,균형
불,佛,U+4F5B,부처,균형
불,拂,U+62C2,떨,균형
불,彿,U+5F7F,비슷할,균형
불,弗,U+5F17,아닐,균형
불,岪,U+5CAA,산길,균형
불,祓,U+7953,푸닥거리할,균형
불,紱,U+7D31,인끈,균형
불,艴,U+8274,발끈할,균형
불,茀,U+8300,풀 우거질,균형
불,韍,U+97CD,폐슬,균형
불,髴,U+9AF4,비슷할,균형
불,黻,U+9EFB,수,균형
붕,朋,U+670B,벗,균형
붕,崩,U+5D29,무너질,균형
붕,鵬,U+9D6C,대붕새,균형
붕,棚,U+68DA,시렁,균형
붕,硼,U+787C,붕산,균형
붕,繃,U+7E43,묶을,균형
붕,堋,U+580B,묻을,균형
붕,鬅,U+9B05,머리 흐트러질,균형
붕,漰,U+6F30,물결치는 소리,균형
비,祕,U+7955,귀신,균형
비,秘,U+79D8,숨길,균형
비,毗,U+6BD7,도울,균형
비,毘,U+6BD8,도울,균형
빈,貧,U+8CA7,가난할,균형
빈,賓,U+8CD3,손,균형
빈,頻,U+983B,자주,균형
빈,彬,U+5F6C,빛날,밝음
빈,份,U+4EFD,빛날,밝음
빙,氷,U+6C37,얼음,균형
빙,聘,U+8058,찾아가다,균형
빙,憑,U+6191,기대다,균형
빙,騁,U+9A01,달리다,균형
빙,凭,U+51ED,기대다,균형
빙,娉,U+5A09,장가들다,강인함
삭,削,U+524A,깎을,균형
삭,朔,U+6714,초하루,균형
삭,數,U+6578,자주,균형
삭,索,U+7D22,동아줄,균형
삭,爍,U+720D,빛날,밝음
삭,鑠,U+9460,녹일,밝음
삭,搠,U+6420,,균형
삭,槊,U+69CA,창,균형
삭,蒴,U+84B4,말오줌대,균형
산,山,U+5C71,뫼,균형
산,産,U+7523,낳을,균형
산,散,U+6563,흩을,균형
산,算,U+7B97,셀,균형
살,殺,U+6BBA,죽일,밝음
살,薩,U+85A9,보살,균형
살,乷,U+4E77,음역자,균형
살,撒,U+6492,뿌릴,균형
살,煞,U+715E,죽일,밝음
삼,三,U+4E09,석,균형
삼,參,U+53C3,석,균형
삼,蔘,U+8518,인삼,균형
삼,杉,U+6749,삼나무,균형
삼,衫,U+886B,적삼,균형
삼,滲,U+6EF2,스밀,균형
삼,芟,U+829F,벨,균형
삼,森,U+68EE,나무빽빽할,균형
삼,糝,U+7CDD,나물죽,균형
삼,釤,U+91E4,낫,균형
삼,鬖,U+9B16,헝클어질,성장|지혜
삽,插,U+63D2,꽂을,균형
삽,澁,U+6F81,떫을,균형
삽,鈒,U+9212,창,균형
삽,颯,U+98AF,바람소리,균형
삽,卅,U+5345,서른,균형
삽,唼,U+553C,쪼아먹을,균형
삽,歃,U+6B43,마실,균형
삽,翣,U+7FE3,운삽,균형
삽,鍤,U+9364,가래,균형
삽,霅,U+9705,비올,균형
삽,霎,U+970E,가랑비,균형
삽,揷,U+63F7,꽂을,균형
상,傷,U+50B7,상처,균형
상,喪,U+55AA,죽을,균형
상,嘗,U+5617,맛볼,균형
상,裳,U+88F3,치마,균형
새,塞,U+585E,변방,개방
새,璽,U+74BD,도장,강인함
새,賽,U+8CFD,굿할,균형
새,鰓,U+9C13,뿔심,균형
새,愢,U+6122,,균형
새,㘔,U+3614,,균형
색,色,U+8272,빛,밝음
색,索,U+7D22,찾을,균형
색,嗇,U+55C7,아낄,균형
색,穡,U+7A61,거둘,균형
색,塞,U+585E,막힐,균형
색,槭,U+69ED,나뭇잎 떨어져 앙상할,균형
색,濇,U+6FC7,껄끄러울,균형
색,瀒,U+7012,껄끄러울,균형
생,生,U+751F,날,균형
생,牲,U+7272,희생,균형
생,甥,U+7525,생질,균형
생,省,U+7701,덜,균형
생,笙,U+7B19,생황,균형
생,眚,U+771A,눈에백태낄,균형
생,鉎,U+924E,녹,균형
서,敍,U+654D,차례,균형
서,徐,U+5F90,천천할,균형
서,庶,U+5EB6,여러,균형
서,恕,U+6055,용서할,균형
서,薯,U+85AF,참마,균형
서,鋤,U+92E4,호미,균형
서,黍,U+9ECD,기장,강인함
서,鼠,U+9F20,쥐,균형
서,藇,U+85C7,,균형
서,揟,U+63DF,나무이름,균형
서,悆,U+6086,,균형
서,湑,U+6E51,거를,균형
서,偦,U+5066,,균형
서,稰,U+7A30,,균형
서,㷂,U+3DC2,,균형
서,遾,U+907E,,균형
서,噬,U+566C,씹을,균형
서,撕,U+6495,훈계할,균형
서,壻,U+58FB,사위,균형
서,婿,U+5A7F,사위,균형
서,嶼,U+5DBC,섬,균형
서,㠘,U+3818,,균형
서,㣽,U+38FD,,균형
석,晳,U+6673,밝을,밝음
석,晰,U+6670,밝을,밝음
선,善,U+5584,착할,균형
선,船,U+8239,배,균형
선,選,U+9078,가릴,균형
선,宣,U+5BA3,베풀,균형
선,膳,U+81B3,반찬,균형
선,饍,U+994D,반찬,균형
설,雪,U+96EA,눈,균형
설,說,U+8AAA,말씀,균형
설,設,U+8A2D,베풀,균형
설,舌,U+820C,혀,균형
설,禼,U+79BC,,균형
설,卨,U+5368,사람이름,균형
섭,涉,U+6D89,물 건널,균형
섭,攝,U+651D,몰아 잡을,균형
섭,燮,U+71EE,불에 익힐,균형
섭,葉,U+8449,고을이름,균형
섭,㰔,U+3C14,,균형
섭,𦁗,U+26057,,균형
섭,躞,U+8E9E,족자 마구리,균형
섭,躡,U+8EA1,밟을,균형
섭,囁,U+56C1,말하려다 멈출,균형
섭,懾,U+61FE,무서울,균형
섭,灄,U+7044,흠치르르할,균형
섭,聶,U+8076,소곤거릴,균형
섭,鑷,U+9477,쪽집게,균형
섭,顳,U+9873,귀밑 뼈,균형
성,誠,U+8AA0,미쁠,균형
성,盛,U+76DB,담을,균형
성,省,U+7701,살필,균형
성,聖,U+8056,성인,균형
성,晟,U+665F,밝을,밝음
성,晠,U+6660,,균형
세,貰,U+8CB0,빌릴,균형
세,笹,U+7B39,가는 대,균형
세,說,U+8AAA,달랠,균형
세,忕,U+5FD5,,균형
세,洒,U+6D12,씻을,균형
세,涗,U+6D97,,균형
세,𡜧,U+21727,,균형
세,銴,U+92B4,,균형
세,彗,U+5F57,혜성,균형
세,帨,U+5E28,차는 수건,균형
세,繐,U+7E50,가늘고 성긴 베,균형
세,蛻,U+86FB,매미 허물,균형
속,涑,U+6D91,헹굴,균형
속,謖,U+8B16,일어날,밝음
속,贖,U+8D16,속바칠,균형
속,洬,U+6D2C,비 올,균형
속,遬,U+906C,공손할,균형
손,孫,U+5B6B,손자,균형
손,損,U+640D,덜,균형
손,遜,U+905C,순할,유연
손,巽,U+5DFD,사양할,균형
손,蓀,U+84C0,향풀 이름,균형
손,飧,U+98E7,저녁밥,균형
손,飡,U+98E1,저녁밥,균형
송,宋,U+5B8B,송나라,균형
송,淞,U+6DDE,강이름,강인함
송,悚,U+609A,두려울,균형
송,竦,U+7AE6,공경할,균형
송,憽,U+61BD,,균형
송,鬆,U+9B06,터럭 더부룩할,균형
쇄,刷,U+5237,긁을,균형
쇄,鎖,U+9396,자물쇠,균형
쇄,殺,U+6BBA,빠를,균형
쇄,灑,U+7051,뿌릴,균형
쇄,碎,U+788E,부술,균형
쇄,曬,U+66EC,쬘,균형
쇄,瑣,U+7463,옥가루,균형
쇄,鎻,U+93BB,,균형
쇠,𮕩,U+2E569,,균형
쇠,釗,U+91D7,쇠,균형
수,壽,U+58FD,목숨,균형
수,數,U+6578,헤아릴,균형
수,修,U+4FEE,닦을,균형
수,秀,U+79C0,빼어날,균형
수,岫,U+5CAB,바위구멍,균형
수,峀,U+5CC0,산굴,균형
수,豎,U+8C4E,세울,성장
수,竪,U+7AEA,세울,성장
수,讎,U+8B8E,짝,균형
수,讐,U+8B90,원수,균형
숙,塾,U+587E,사랑방,개방
숙,琡,U+7421,옥 이름,균형
숙,璹,U+74B9,옥 그릇,균형
숙,橚,U+6A5A,길고 꼿꼿할,균형
숙,夙,U+5919,이를,균형
숙,潚,U+6F5A,빠를,균형
숙,菽,U+83FD,콩,균형
숙,倏,U+500F,잠간,균형
숙,俶,U+4FF6,비롯할,균형
숙,儵,U+5135,잿빛,밝음
숙,婌,U+5A4C,궁녀 벼슬이름,균형
숙,驌,U+9A4C,좋은말,균형
숙,鷫,U+9DEB,숙상새,균형
순,橓,U+6A53,무궁화나무,균형
순,蓴,U+84F4,순나물,유연
순,蕣,U+8563,무궁화,균형
순,詢,U+8A62,꾀할,균형
순,馴,U+99B4,길들일,밝음
순,盾,U+76FE,방패,개방
순,峋,U+5CCB,후미질,균형
순,姰,U+59F0,,균형
순,畃,U+7543,,균형
순,侚,U+4F9A,좇을,균형
순,盹,U+76F9,눈 감을,균형
순,眴,U+7734,눈짓할,균형
순,紃,U+7D03,신에 실선 두를,균형
순,肫,U+80AB,광대뼈,밝음
술,戌,U+620C,개,개방
술,述,U+8FF0,이을,균형
술,術,U+8853,재주,지혜
술,鉥,U+9265,돗바늘,균형
술,𡊍,U+2128D,,균형
술,絉,U+7D49,끈,균형
숭,崇,U+5D07,높을,균형
숭,嵩,U+5D69,높을,균형
숭,崧,U+5D27,산 불끈 솟을,균형
숭,菘,U+83D8,배추,균형
습,習,U+7FD2,익힐,균형
습,拾,U+62FE,주울,균형
습,濕,U+6FD5,젖을,균형
습,襲,U+8972,옷 덧입을,균형
습,褶,U+8936,슬갑,균형
습,慴,U+6174,두려워할,균형
습,槢,U+69E2,,균형
습,隰,U+96B0,진펄,균형
승,丞,U+4E1E,이을,균형
승,陞,U+965E,오를,균형
승,繩,U+7E69,노끈,균형
승,蠅,U+8805,파리,균형
승,升,U+5347,되,균형
승,榺,U+69BA,,균형
승,氶,U+6C36,,균형
승,塍,U+584D,밭두둑,균형
승,㞼,U+37BC,,균형
승,陹,U+9679,,균형
승,鬙,U+9B19,터럭 더부룩할,균형
승,㴍,U+3D0D,,균형
승,阩,U+9629,,균형
시,詩,U+8A69,귀글,균형
시,施,U+65BD,베풀,균형
시,試,U+8A66,시험할,균형
시,始,U+59CB,비로소,균형
시,柹,U+67F9,감,균형
시,柿,U+67FF,감나무,균형
시,枾,U+67BE,감나무,균형
식,栻,U+683B,점판,균형
식,埴,U+57F4,찰진흙,균형
식,殖,U+6B96,날,균형
식,湜,U+6E5C,물 맑을,청렴
식,軾,U+8EFE,수레앞 가로막이 나무,균형
식,寔,U+5BD4,이,균형
식,拭,U+62ED,닦을,균형
식,熄,U+7184,불 꺼질,균형
식,篒,U+7BD2,대밥통,개방
식,蝕,U+8755,벌레먹을,균형
식,媳,U+5AB3,며느리,균형
신,信,U+4FE1,믿을,균형
신,辛,U+8F9B,매울,균형
신,新,U+65B0,새,균형
신,伸,U+4F38,펼,개방
실,失,U+5931,잃을,균형
실,室,U+5BA4,집,균형
실,實,U+5BE6,열매,개방
실,悉,U+6089,모두,균형
실,蟋,U+87CB,귀뚜라미,균형
실,実,U+5B9F,열매,개방
심,沁,U+6C81,스며들,균형
심,沈,U+6C88,성씨,균형
심,瀋,U+700B,즙 낼,균형
심,芯,U+82AF,등심초,균형
심,諶,U+8AF6,참,균형
심,潯,U+6F6F,물가,균형
심,燖,U+71D6,삶을,균형
심,葚,U+845A,뽕나무 열매,개방
심,鐔,U+9414,칼날 아래 코등이,균형
심,鱏,U+9C4F,칼철갑상어,균형
십,十,U+5341,열,개방
십,什,U+4EC0,열 사람,개방
십,拾,U+62FE,十의 갖은,균형
쌍,雙,U+96D9,짝,균형
쌍,双,U+53CC,짝,균형
씨,氏,U+6C0F,성,균형
아,硪,U+786A,,균형
아,皒,U+7692,,균형
아,砑,U+7811,갈,균형
아,婭,U+5A6D,,균형
아,椏,U+690F,,균형
아,啊,U+554A,사랑할,균형
아,妿,U+59BF,,균형
아,猗,U+7317,부드러울,유연
아,枒,U+6792,,균형
아,丫,U+4E2B,가장귀,강인함
아,疴,U+75B4,앓을,균형
아,笌,U+7B0C,대싹,균형
아,迓,U+8FD3,마중할,균형
아,錏,U+930F,투구의 목가림,균형
악,惡,U+60E1,나쁠,균형
악,岳,U+5CB3,큰 산,성장
안,晏,U+664F,늦을,균형
안,按,U+6309,살필,균형
안,鞍,U+978D,안장,강인함
안,鮟,U+9B9F,아귀,균형
안,𤎝,U+2439D,,균형
안,姲,U+59F2,,균형
안,婩,U+5A69,,균형
안,矸,U+77F8,,균형
안,侒,U+4F92,편안할,안정
안,䭓,U+4B53,,균형
안,犴,U+72B4,들개,개방
안,錌,U+930C,,균형
안,妟,U+599F,,균형
안,雁,U+96C1,기러기,균형
안,鴈,U+9D08,기러기,균형
안,案,U+6848,책상,균형
안,桉,U+6849,안석,균형
알,謁,U+8B01,아뢸,균형
알,斡,U+65A1,돌릴,균형
알,軋,U+8ECB,수레 삐걱거릴,균형
알,閼,U+95BC,가로막을,균형
알,嘎,U+560E,새소리,균형
알,揠,U+63E0,뽑을,균형
알,穵,U+7A75,구멍,균형
알,訐,U+8A10,들추어 낼,균형
알,遏,U+904F,막을,균형
알,頞,U+981E,콧마루,균형
알,鴶,U+9D36,뻐꾸기,균형
암,暗,U+6697,어두울,균형
암,巖,U+5DD6,바위,균형
암,岩,U+5CA9,바위,균형
압,壓,U+58D3,누를,균형
압,押,U+62BC,수결 둘,균형
압,鴨,U+9D28,오리,균형
압,狎,U+72CE,친근할,균형
앙,仰,U+4EF0,우러를,균형
앙,央,U+592E,가운데,균형
앙,殃,U+6B83,재앙,균형
앙,鴦,U+9D26,암원앙새,균형
앙,怏,U+600F,원망할,균형
앙,秧,U+79E7,모,균형
앙,昂,U+6602,높을,균형
앙,卬,U+536C,자기,균형
앙,坱,U+5771,티끌,균형
앙,盎,U+76CE,동이,균형
앙,鞅,U+9785,가슴걸이,균형
앙,泱,U+6CF1,끝없을,균형
앙,昻,U+663B,오를,균형
애,愛,U+611B,사랑,균형
애,哀,U+54C0,슬플,균형
애,涯,U+6DAF,물가,균형
애,娭,U+5A2D,계집종,균형
애,崕,U+5D15,낭떠러지,균형
애,挨,U+6328,밀칠,균형
애,捱,U+6371,막을,균형
애,欸,U+6B38,한숨쉴,균형
애,漄,U+6F04,물가,균형
애,獃,U+7343,어리석을,균형
애,皚,U+769A,흴,균형
애,睚,U+775A,눈흘길,균형
애,瞹,U+77B9,흐릿할,균형
애,磑,U+78D1,맷돌,균형
애,薆,U+8586,숨겨질,균형
애,藹,U+85F9,화기로울,균형
애,靉,U+9749,구름낄,균형
애,礙,U+7919,막을,균형
애,碍,U+788D,거리낄,균형
액,厄,U+5384,재앙,균형
액,額,U+984D,이마,균형
액,液,U+6DB2,즙,균형
액,扼,U+627C,움켜쥘,균형
액,掖,U+6396,겨드랑이에 낄,균형
액,縊,U+7E0A,목 맬,균형
액,腋,U+814B,겨드랑이,균형
액,呝,U+545D,울,균형
액,戹,U+6239,좁을,균형
액,搤,U+6424,움켜쥘,균형
액,阨,U+9628,막힐,균형
야,也,U+4E5F,단정의 어조사,청렴
야,夜,U+591C,밤,균형
야,野,U+91CE,들판,균형
야,耶,U+8036,의문의 어조야,균형
야,冶,U+51B6,단련할,균형
야,倻,U+503B,땅이름,균형
야,惹,U+60F9,끌릴,균형
야,椰,U+6930,야자나무,균형
야,爺,U+723A,아비,균형
야,若,U+82E5,땅이름,균형
야,捓,U+6353,,균형
야,埜,U+57DC,들판,균형
야,揶,U+63F6,희롱할,균형
약,葯,U+846F,꽃밥,균형
약,蒻,U+84BB,구약나물,균형
약,爚,U+721A,스러질,균형
약,禴,U+79B4,종묘의 여름제사,균형
약,篛,U+7BDB,죽순,유연
약,籥,U+7C65,피리,균형
약,鑰,U+9470,자물쇠,균형
약,鶸,U+9DB8,댓닭,균형
약,龠,U+9FA0,피리,균형
양,陽,U+967D,볕,균형
양,讓,U+8B93,사양할,균형
양,壤,U+58E4,흙,균형
양,樣,U+6A23,모양,균형
양,昜,U+661C,,균형
양,揚,U+63DA,드높일,밝음
양,敭,U+656D,오를,균형
어,圄,U+5704,가둘,균형
어,瘀,U+7600,어혈질,균형
어,禦,U+79A6,막을,균형
어,馭,U+99AD,말 부릴,균형
어,齬,U+9F6C,이 어긋날,균형
어,唹,U+5539,고요히 웃을,안정
어,䘘,U+4618,,균형
어,圉,U+5709,마부,균형
어,敔,U+6554,금할,균형
어,淤,U+6DE4,앙금,균형
어,飫,U+98EB,먹기 싫을,균형
억,億,U+5104,억,균형
억,憶,U+61B6,생각,균형
억,抑,U+6291,누를,균형
억,檍,U+6A8D,참죽나무,균형
억,臆,U+81C6,가슴,균형
억,繶,U+7E76,땋은 노,균형
언,言,U+8A00,말씀,균형
언,焉,U+7109,어찌,균형
언,諺,U+8AFA,상말,균형
언,彥,U+5F65,착한 선비,균형
언,偃,U+5043,자빠질,균형
언,堰,U+5830,방죽,개방
언,嫣,U+5AE3,생긋생긋 웃을,균형
언,傿,U+50BF,고을 이름,균형
언,匽,U+533D,숨길,균형
언,讞,U+8B9E,죄 의논할,균형
언,鄢,U+9122,땅이름,균형
언,鼴,U+9F34,두더쥐,균형
언,鼹,U+9F39,두더지,균형
언,嘕,U+5615,기꺼워할,균형
언,鶠,U+9DA0,,균형
언,彦,U+5F66,착한 선비,균형
얼,孼,U+5B7C,첩자식,균형
얼,蘖,U+8616,그루터기,균형
얼,糱,U+7CF1,,균형
얼,乻,U+4E7B,땅 이름,균형
얼,臬,U+81EC,법,균형
얼,糵,U+7CF5,,균형
엄,嚴,U+56B4,굳셀,강인함
엄,奄,U+5944,문득,균형
엄,俺,U+4FFA,자기,균형
엄,掩,U+63A9,거둘,균형
엄,儼,U+513C,공경할,균형
엄,淹,U+6DF9,담글,균형
엄,龑,U+9F91,,균형
엄,崦,U+5D26,해 지는 산 이름,밝음
엄,曮,U+66EE,해 다니는 길,밝음
엄,罨,U+7F68,그물,균형
엄,醃,U+9183,절일,밝음
엄,閹,U+95B9,고자,균형
엄,广,U+5E7F,바윗집,균형
엄,厳,U+53B3,엄할,균형
업,業,U+696D,일,밝음
업,嶪,U+5DAA,산이 높고 웅장할,강인함
업,嶫,U+5DAB,험춘할,균형
업,鄴,U+9134,땅이름,균형
여,歟,U+6B5F,그런가할 어조사,균형
여,璵,U+74B5,보배옥,균형
여,礖,U+7916,여돌,균형
여,艅,U+8245,나룻배,균형
여,茹,U+8339,띠 뿌리,균형
여,轝,U+8F5D,수레,균형
여,妤,U+59A4,,균형
여,悆,U+6086,,균형
여,舁,U+8201,마주들,균형
여,伃,U+4F03,궁녀 벼슬이름,균형
여,侞,U+4F9E,온순할,유연
역,晹,U+6679,,균형
역,繹,U+7E79,삭일,밝음
역,嶧,U+5DA7,연달아 있는 산,균형
역,懌,U+61CC,기꺼울,균형
역,淢,U+6DE2,빨리 흐를,균형
역,閾,U+95BE,문지방,개방
연,燃,U+71C3,불사를,균형
연,燕,U+71D5,제비,균형
연,沿,U+6CBF,물 따라 내려갈,균형
연,鉛,U+925B,납,균형
연,涎,U+6D8E,침,균형
연,縯,U+7E2F,길,균형
연,鳶,U+9CF6,솔개,개방
연,硯,U+786F,벼루,균형
연,曣,U+66E3,더울,균형
연,㜣,U+3723,,균형
연,醼,U+91BC,,균형
연,兗,U+5157,고을이름,균형
연,嬿,U+5B3F,아름다울,균형
연,莚,U+839A,만연할,균형
연,瓀,U+74C0,,균형
연,均,U+5747,고를,균형
연,戭,U+622D,,균형
연,囦,U+56E6,물 깊을,균형
연,姸,U+59F8,고울,균형
연,妍,U+598D,고울,균형
연,娟,U+5A1F,어여쁠,균형
연,姢,U+59E2,고울,균형
연,軟,U+8EDF,부드러울,유연
연,輭,U+8F2D,,균형
열,熱,U+71B1,뜨거울,균형
열,悅,U+6085,즐거울,균형
열,閱,U+95B1,겪을,균형
열,說,U+8AAA,기꺼울,균형
열,咽,U+54BD,목 멜,균형
열,潱,U+6F71,,균형
열,噎,U+564E,목 멜,균형
염,炎,U+708E,불꽃,균형
염,染,U+67D3,꼭두서니,균형
염,鹽,U+9E7D,소금,균형
염,艷,U+8277,고울,균형
염,艶,U+8276,고울,균형
엽,葉,U+8449,잎,균형
엽,燁,U+71C1,불 이글글할,균형
엽,曄,U+66C4,빛날,밝음
엽,熀,U+7180,불빛 이글이글할,밝음
엽,曅,U+66C5,빛날,밝음
엽,爗,U+7217,불 이글글할,균형
엽,靨,U+9768,웃는 볼 옴쏙 들어갈,균형
엽,枼,U+67BC,,균형
영,泳,U+6CF3,헤엄칠,균형
영,詠,U+8A60,읊을,균형
영,營,U+71DF,지을,균형
영,影,U+5F71,그림자,균형
영,潁,U+6F41,물 이름,균형
영,瀛,U+701B,큰 바다,성장
영,纓,U+7E93,갓끈,균형
영,霙,U+9719,눈꽃,균형
영,嬴,U+5B34,성씨,균형
영,𢥏,U+2294F,,균형
영,蠑,U+8811,도마뱀,균형
영,朠,U+6720,,균형
영,浧,U+6D67,잠길,균형
영,䀴,U+4034,,균형
영,栐,U+6810,,균형
영,濴,U+6FF4,물 졸졸 흐를,균형
영,癭,U+766D,목 혹,균형
영,韺,U+97FA,풍류이름,균형
예,藝,U+85DD,재주,지혜
예,豫,U+8C6B,기쁠,균형
예,譽,U+8B7D,칭찬할,균형
예,銳,U+92B3,날카로울,균형
오,誤,U+8AA4,그릇할,균형
오,烏,U+70CF,까마귀,균형
오,汚,U+6C5A,더러울,균형
오,嗚,U+55DA,탄식할,균형
오,鼇,U+9F07,매우 큰 자라,성장
오,鰲,U+9C32,큰 자라,성장
옥,玉,U+7389,구슬,균형
옥,屋,U+5C4B,집,균형
옥,獄,U+7344,감옥,균형
옥,沃,U+6C83,기름질,균형
옥,鈺,U+923A,보배,균형
온,溫,U+6EAB,따뜻할,온화
온,穩,U+7A69,편안할,안정
온,稳,U+7A33,편안할,안정
온,𥁕,U+25055,,균형
온,昷,U+6637,어질,지혜
옹,翁,U+7FC1,늙은이,균형
옹,擁,U+64C1,안을,균형
와,瓦,U+74E6,질그릇,균형
와,臥,U+81E5,누울,균형
완,完,U+5B8C,완전할,균형
완,緩,U+7DE9,느즈러질,균형
완,腕,U+8155,팔뚝,균형
완,豌,U+8C4C,동부,균형
완,阮,U+962E,성씨,균형
완,頑,U+9811,완고할,균형
완,妧,U+59A7,좋을,균형
완,岏,U+5C8F,산 뾰족할,균형
완,鋺,U+92FA,저울 바탕,균형
완,抏,U+628F,,균형
완,杬,U+676C,몸 주무를,균형
완,刓,U+5213,깎을,균형
완,忨,U+5FE8,탐할,균형
완,惋,U+60CB,한탄할,균형
완,涴,U+6DB4,물 굽이쳐 흐를,균형
완,盌,U+76CC,은 바리,균형
왈,曰,U+66F0,가로되,균형
왕,王,U+738B,임금,균형
왕,往,U+5F80,갈,균형
왕,旺,U+65FA,고울,균형
왕,汪,U+6C6A,물 출렁출렁할,균형
왕,枉,U+6789,굽을,균형
왕,瀇,U+7007,아득할,균형
왕,迬,U+8FEC,갈,균형
외,外,U+5916,바깥,균형
외,畏,U+754F,두려울,균형
외,嵬,U+5D6C,산 뾰족할,균형
외,巍,U+5DCD,높을,균형
외,猥,U+7325,더러울,균형
외,偎,U+504E,사랑할,균형
외,嵔,U+5D54,산이름,균형
외,崴,U+5D34,평평치 아니할,균형
외,渨,U+6E28,더러울,균형
외,煨,U+7168,불에 묻어 구울,균형
외,碨,U+78A8,돌 자갈 땅,균형
외,磈,U+78C8,돌 사닥다리,균형
외,聵,U+8075,배냇귀머거리,균형
외,隗,U+9697,높을,균형
요,橈,U+6A48,노,균형
요,燿,U+71FF,비칠,균형
요,窈,U+7A88,고요할,안정
요,窯,U+7AAF,기와가마,균형
요,繇,U+7E47,따를,균형
요,繞,U+7E5E,얽힐,균형
요,蟯,U+87EF,촌백충,균형
요,邀,U+9080,맞을,균형
요,暚,U+669A,,균형
요,偠,U+5060,허리 가늘,균형
요,喓,U+5593,벌레소리,균형
요,坳,U+5773,우묵할,균형
요,墝,U+589D,메마른 밭,균형
요,嬈,U+5B08,예쁜체 할,균형
욕,欲,U+6B32,욕심낼,균형
욕,浴,U+6D74,깨끗이할,청렴
욕,慾,U+617E,욕심낼,균형
욕,辱,U+8FB1,욕될,균형
욕,縟,U+7E1F,꾸밀,균형
욕,褥,U+8925,요,균형
욕,溽,U+6EBD,유월 더위,균형
욕,蓐,U+84D0,새싹,균형
용,用,U+7528,쓸,균형
용,勇,U+52C7,날랠,균형
용,容,U+5BB9,얼굴,균형
용,庸,U+5EB8,쓸,균형
용,鎔,U+9394,불릴,균형
용,熔,U+7194,쇠 녹일,밝음
용,涌,U+6D8C,물 넘칠,균형
용,湧,U+6E67,물 넘칠,균형
용,宂,U+5B82,번잡할,균형
용,冗,U+5197,쓸데없을,균형
우,雨,U+96E8,비,균형
우,㲾,U+3CBE,,균형
우,宇,U+5B87,집,균형
우,㝢,U+3762,,균형
욱,旭,U+65ED,빛날,밝음
욱,昱,U+6631,햇빛 밝을,밝음
욱,煜,U+715C,비칠,균형
욱,郁,U+90C1,문채날,균형
욱,頊,U+980A,머리 굽실거릴,균형
욱,彧,U+5F67,빛날,밝음
욱,勖,U+52D6,힘쓸,균형
욱,栯,U+682F,산앵두,균형
욱,燠,U+71E0,더울,균형
욱,稢,U+7A22,,균형
욱,𢒰,U+224B0,,균형
욱,稶,U+7A36,서직 무성할,균형
운,云,U+4E91,이를,균형
운,雲,U+96F2,구름,균형
운,運,U+904B,움직일,밝음
운,韻,U+97FB,울림,균형
운,篔,U+7BD4,왕대나무,균형
운,䉙,U+4259,,균형
웅,雄,U+96C4,수컷,균형
웅,熊,U+718A,곰,균형
원,園,U+5712,동산,균형
원,怨,U+6028,원망할,균형
원,圓,U+5713,둥글,균형
원,員,U+54E1,관원,균형
원,阮,U+962E,원나라,균형
원,鴛,U+9D1B,숫원앙새,균형
원,褑,U+8911,,균형
원,朊,U+670A,,균형
원,杬,U+676C,몸 주무를,균형
원,鋺,U+92FA,저울 바탕,균형
원,冤,U+51A4,원통할,개방
원,笎,U+7B0E,,균형
원,邍,U+908D,,균형
원,倇,U+5007,,균형
원,楥,U+6965,떡갈나무,균형
원,芫,U+82AB,고기 잡는 풀,균형
원,薗,U+8597,동산,균형
원,蜿,U+873F,굼틀거릴,균형
원,寃,U+5BC3,원통할,개방
원,貟,U+8C9F,,균형
월,月,U+6708,달,균형
월,越,U+8D8A,넘을,균형
월,鉞,U+925E,도끼,균형
월,刖,U+5216,발꿈치 자를,균형
월,粤,U+7CA4,말 내킬,균형
유,遺,U+907A,잃어버릴,균형
유,幼,U+5E7C,어릴,균형
유,幽,U+5E7D,숨을,균형
유,惟,U+60DF,꾀할,균형
유,鍮,U+936E,놋쇠,균형
유,曘,U+66D8,,균형
유,婑,U+5A51,,균형
유,囿,U+56FF,엔담,균형
유,牖,U+7256,엇살창,균형
유,逌,U+900C,빙그레할,균형
유,姷,U+59F7,,균형
유,聈,U+8048,,균형
유,蕤,U+8564,더북할,균형
유,甤,U+7524,,균형
유,湵,U+6E75,,균형
유,瑈,U+7448,,균형
유,需,U+9700,음식,균형
유,揉,U+63C9,풀,균형
유,兪,U+516A,그럴,균형
유,俞,U+4FDE,대답할,균형
유,濡,U+6FE1,적실,균형
유,㴗,U+3D17,,균형
육,肉,U+8089,고기,균형
육,育,U+80B2,기를,균형
육,堉,U+5809,기름진 땅,균형
육,毓,U+6BD3,기를,균형
육,儥,U+5125,팔,균형
윤,閏,U+958F,윤달,균형
윤,潤,U+6F64,젖을,균형
윤,尹,U+5C39,다스릴,균형
윤,允,U+5141,미쁠,균형
윤,玧,U+73A7,귀막이 구슬,균형
윤,鈗,U+9217,창,균형
윤,胤,U+80E4,맏아들,균형
윤,阭,U+962D,,균형
윤,奫,U+596B,물 깊을,균형
윤,贇,U+8D07,예쁠,균형
윤,昀,U+6600,햇빛,밝음
윤,荺,U+837A,,균형
윤,鋆,U+92C6,금,균형
윤,橍,U+6A4D,,균형
윤,沇,U+6C87,물 졸졸 흐를,균형
윤,匀,U+5300,나눌,균형
윤,䦞,U+499E,,균형
윤,閠,U+95A0,,균형
윤,㣧,U+38E7,,균형
은,恩,U+6069,은혜,균형
은,銀,U+9280,은,균형
은,隱,U+96B1,숨을,균형
은,訢,U+8A22,기뻐할,균형
은,蒑,U+8491,,균형
은,泿,U+6CFF,,균형
은,蒽,U+84BD,,균형
은,憖,U+6196,물을,균형
은,圁,U+5701,물이름,균형
은,嶾,U+5DBE,,균형
은,𪙤,U+2A664,,균형
은,𰜩,U+30729,,균형
은,嚚,U+569A,어리석을,균형
은,垽,U+57BD,해감,밝음
은,狺,U+72FA,뭇 개 짖는 소리,개방
은,癮,U+766E,두드러기,균형
은,訔,U+8A14,시비할,균형
은,誾,U+8ABE,화평할,균형
은,𨶡,U+28DA1,,균형
을,乙,U+4E59,새,균형
을,圪,U+572A,,균형
을,鳦,U+9CE6,제비,균형
음,蔭,U+852D,덮을,균형
음,愔,U+6114,조용할,균형
음,韾,U+97FE,,균형
음,喑,U+5591,소리지를,균형
음,崟,U+5D1F,멧부리,균형
음,廕,U+5ED5,덮을,균형
음,霪,U+972A,장마,강인함
음,噾,U+567E,,균형
읍,邑,U+9091,고을,균형
읍,泣,U+6CE3,눈물 줄줄 흘릴,균형
읍,揖,U+63D6,읍할,균형
읍,悒,U+6092,답답할,균형
읍,挹,U+6339,잡아당길,균형
읍,浥,U+6D65,젖을,균형
응,應,U+61C9,응당,균형
응,凝,U+51DD,엉길,균형
응,膺,U+81BA,가슴,균형
응,鷹,U+9DF9,매,균형
응,𥌾,U+2533E,,균형
의,矣,U+77E3,말 그칠,균형
의,醫,U+91AB,의원,균형
의,意,U+610F,뜻,균형
의,宜,U+5B9C,옳을,균형
의,医,U+533B,의원,균형
이,邇,U+9087,가까울,균형
이,飴,U+98F4,엿,균형
이,貳,U+8CB3,두,균형
이,媐,U+5A90,,균형
이,杝,U+675D,,균형
이,䏪,U+43EA,,균형
이,㛅,U+36C5,,균형
이,珆,U+73C6,옥돌,균형
이,鴯,U+9D2F,,균형
이,羡,U+7FA1,고을 이름,균형
이,巸,U+5DF8,,균형
이,佴,U+4F74,버금,균형
이,廙,U+5ED9,,균형
이,咿,U+54BF,선웃음칠,균형
이,彝,U+5F5D,떳떳할,균형
이,彛,U+5F5B,떳떳할,균형
익,益,U+76CA,더할,균형
익,翼,U+7FFC,날개,개방
익,翊,U+7FCA,도울,균형
익,瀷,U+7037,강이름,강인함
익,謚,U+8B1A,웃을,균형
익,翌,U+7FCC,다음날,균형
익,熤,U+71A4,빛날,밝음
익,弋,U+5F0B,주살,균형
익,鷁,U+9DC1,익새,균형
인,忍,U+5FCD,참을,균형
인,認,U+8A8D,알,균형
인,寅,U+5BC5,세째지지,균형
인,印,U+5370,도장,강인함
일,一,U+4E00,한,균형
일,日,U+65E5,날,균형
일,逸,U+9038,달아날,균형
일,溢,U+6EA2,넘칠,균형
일,鎰,U+93B0,중량,균형
일,馹,U+99B9,역말,균형
일,佾,U+4F7E,춤,균형
일,佚,U+4F5A,편안할,안정
일,壹,U+58F9,한,균형
일,劮,U+52AE,기쁠,균형
일,泆,U+6CC6,끊을,균형
일,軼,U+8EFC,앞지를,균형
일,欥,U+6B25,,균형
일,𨓜,U+284DC,,균형
임,壬,U+58EC,아홉째천간,균형
임,任,U+4EFB,맡길,균형
임,賃,U+8CC3,품팔이,균형
임,妊,U+598A,아이밸,균형
임,稔,U+7A14,곡식익을,균형
임,恁,U+6041,생각할,균형
임,荏,U+834F,들깨,균형
임,䚾,U+46BE,,균형
임,䛘,U+46D8,,균형
임,絍,U+7D4D,짤,균형
임,衽,U+887D,옷깃,균형
임,銋,U+928B,젖을,균형
임,飪,U+98EA,익힐,균형
임,姙,U+59D9,아이 밸,균형
입,入,U+5165,들,균형
입,廿,U+5EFF,스물,균형
입,卄,U+5344,스물,균형
자,姊,U+59CA,,균형
자,慈,U+6148,사랑할,균형
자,茲,U+8332,무성할,균형
자,紫,U+7D2B,자주빛,밝음
자,秄,U+79C4,,균형
자,褯,U+892F,,균형
자,呰,U+5470,주차할,균형
자,嬨,U+5B28,계집성품너그러고순할,유연
자,孖,U+5B56,쌍둥이,균형
자,孶,U+5B76,부지런할,균형
자,柘,U+67D8,산뽕나무,균형
자,泚,U+6CDA,맑을,청렴
자,牸,U+7278,암컷,균형
자,眦,U+7726,흘길,균형
자,眥,U+7725,흘길,균형
자,耔,U+8014,복돋을,균형
자,胾,U+80FE,고깃점,균형
자,茈,U+8308,지치,균형
자,姉,U+59C9,손위 누이,균형
자,玆,U+7386,이,균형
작,作,U+4F5C,지을,균형
작,昨,U+6628,어제,균형
작,酌,U+914C,따를,균형
작,爵,U+7235,벼슬,균형
잔,殘,U+6B98,해칠,밝음
잔,孱,U+5B71,잔약할,균형
잔,棧,U+68E7,잔교,균형
잔,潺,U+6F7A,물이 줄줄 흐르는 모양,균형
잔,盞,U+76DE,작은 술잔,균형
잔,剗,U+5257,깍을,균형
잔,驏,U+9A4F,안장 얹지 않은 말,강인함
잠,潛,U+6F5B,잠길,균형
잠,暫,U+66AB,잠시,균형
잠,箴,U+7BB4,바늘,균형
잠,岑,U+5C91,봉우리,균형
잠,簪,U+7C2A,비녀,균형
잠,蠶,U+8836,누에,균형
잠,涔,U+6D94,괸물,균형
잠,潜,U+6F5C,잠길,균형
잡,雜,U+96DC,섞일,밝음
잡,卡,U+5361,관,균형
잡,囃,U+56C3,장단 잡을,강인함
잡,眨,U+7728,눈 깜작일,밝음
잡,磼,U+78FC,산 높을,균형
잡,襍,U+894D,섞일,밝음
장,莊,U+838A,엄할,균형
장,裝,U+88DD,차려 입을,균형
장,奬,U+596C,도울,균형
장,墻,U+58BB,담,균형
장,獐,U+7350,노루,균형
장,臧,U+81E7,착할,균형
장,贓,U+8D13,장물,강인함
장,醬,U+91AC,장,강인함
장,傽,U+50BD,놀랄,균형
장,妝,U+599D,꾸밀,균형
장,嬙,U+5B19,궁녀,균형
장,嶂,U+5D82,높고 가파른 산,균형
장,廧,U+5EE7,담,균형
장,戕,U+6215,죽일,밝음
장,牂,U+7242,암양,균형
장,瘴,U+7634,장기,강인함
장,糚,U+7CDA,단장할,강인함
장,羘,U+7F98,수양,균형
재,栽,U+683D,심을,균형
재,再,U+518D,두 번,균형
재,哉,U+54C9,비로소,균형
재,災,U+707D,재앙,균형
재,㘽,U+363D,,균형
쟁,爭,U+722D,다툴,균형
쟁,錚,U+931A,쇳소리 쟁그렁거릴,균형
쟁,箏,U+7B8F,쟁,균형
쟁,諍,U+8ACD,간할,균형
쟁,崢,U+5D22,가파를,균형
쟁,猙,U+7319,밉살스럴,균형
쟁,琤,U+7424,옥소리,균형
쟁,鎗,U+9397,금석소리,균형
저,箸,U+7BB8,젓가락,균형
저,紵,U+7D35,모시,균형
저,菹,U+83F9,김치,균형
저,藷,U+85F7,마,균형
저,詛,U+8A5B,저주할,균형
저,躇,U+8E87,머뭇거릴,균형
저,這,U+9019,맞을,균형
저,雎,U+96CE,저구,균형
저,齟,U+9F5F,이 어긋날,균형
저,宁,U+5B81,조회 받는 곳,균형
저,岨,U+5CA8,돌산에 흙 덮일,밝음
저,杼,U+677C,북,균형
저,柢,U+67E2,뿌리,균형
저,氐,U+6C10,낮을,균형
적,滴,U+6EF4,물방울,개방
적,摘,U+6458,딸,균형
적,寂,U+5BC2,고요할,안정
적,籍,U+7C4D,문서,균형
전,展,U+5C55,펼칠,개방
전,戰,U+6230,싸움,균형
전,電,U+96FB,번개,개방
전,錢,U+9322,돈,균형
전,鐫,U+942B,새길,균형
전,顫,U+986B,사지 떨릴,균형
전,餞,U+991E,전별잔치,균형
전,吮,U+542E,빨,균형
전,囀,U+56C0,새 지저귈,균형
전,嫥,U+5AE5,아름다울,균형
전,屇,U+5C47,구멍,균형
전,巓,U+5DD3,산꼭대기,균형
전,戩,U+6229,다할,균형
전,揃,U+63C3,가를,균형
전,旃,U+65C3,기,균형
전,栴,U+6834,향나무,균형
전,湔,U+6E54,빨,균형
전,澶,U+6FB6,물이름,균형
절,晢,U+6662,밝을,밝음
절,截,U+622A,끊을,균형
절,浙,U+6D59,쌀 씻을,균형
절,癤,U+7664,멍울,균형
절,岊,U+5C8A,산 모퉁이 우뚝 내밀,균형
절,絕,U+7D55,끊을,균형
절,絶,U+7D76,끊을,균형
점,店,U+5E97,가게,균형
점,占,U+5360,점칠,균형
점,點,U+9EDE,더러울,균형
점,漸,U+6F38,번질,균형
점,点,U+70B9,점,균형
점,奌,U+594C,점찍을,균형
접,接,U+63A5,사귈,균형
접,蝶,U+8776,들나비,균형
접,摺,U+647A,접을,균형
접,椄,U+6904,나무 접붙일,밝음
접,楪,U+696A,널평상,균형
접,蜨,U+8728,나비,균형
접,跕,U+8DD5,미끄러질,균형
접,蹀,U+8E40,저벅저벅 걸을,균형
접,鰈,U+9C08,가자미,균형
정,精,U+7CBE,정교할,청렴
정,情,U+60C5,뜻,균형
정,靜,U+975C,고요할,안정
정,淨,U+6DE8,맑을,청렴
정,渟,U+6E1F,물 고일,밝음
정,釘,U+91D8,창,균형
정,涏,U+6D8F,,균형
정,𩓞,U+294DE,,균형
정,婷,U+5A77,아리따울,균형
정,旌,U+65CC,장목기,강인함
정,檉,U+6A89,능수버들,균형
정,瀞,U+701E,맑을,청렴
정,睛,U+775B,눈 검은자위,균형
정,碇,U+7887,닻돌,균형
정,穽,U+7A7D,구덩이,균형
정,艇,U+8247,거룻배,균형
정,諪,U+8AEA,조정할,청렴
정,酊,U+914A,비틀거릴,균형
정,静,U+9759,,균형
제,姼,U+59FC,,균형
제,晢,U+6662,별이 반짝반짝 할,균형
제,娣,U+5A23,여동생,균형
제,擠,U+64E0,물리칠,균형
제,猘,U+7318,미친개,개방
제,睇,U+7747,흘끗 볼,균형
제,稊,U+7A0A,강아지풀,강인함
제,緹,U+7DF9,붉은 비단,균형
제,踶,U+8E36,찰,균형
제,蹏,U+8E4F,굽,균형
제,躋,U+8E8B,오를,균형
제,鍗,U+9357,큰 가마,성장
제,隄,U+9684,둑,균형
제,韲,U+97F2,양념할,균형
제,濟,U+6FDF,나루,균형
제,済,U+6E08,건널,균형
조,雕,U+96D5,독수리,균형
조,昭,U+662D,밝을,밝음
조,嶆,U+5D86,,균형
조,佻,U+4F7B,방정맞을,개방|청렴
조,傮,U+50AE,마칠,균형
조,刁,U+5201,바라,균형
조,厝,U+539D,둘,균형
조,嘈,U+5608,지껄일,밝음
조,噪,U+566A,떠들썩할,균형
조,嬥,U+5B25,날씬할,균형
조,徂,U+5F82,갈,균형
조,懆,U+61C6,근심할,균형
조,找,U+627E,채울,균형
조,殂,U+6B82,죽을,균형
조,曹,U+66F9,무리,균형
조,曺,U+66FA,성,균형
조,棗,U+68D7,대추나무,균형
조,𠄬,U+2012C,,균형
족,足,U+8DB3,발,균형
족,族,U+65CF,겨레,균형
족,簇,U+7C07,모일,밝음
족,鏃,U+93C3,화살촉,균형
족,瘯,U+762F,피부병 이름,균형
존,存,U+5B58,있을,균형
존,尊,U+5C0A,존귀할,균형
존,拵,U+62F5,꽂을,균형
졸,卒,U+5352,군사,균형
졸,拙,U+62D9,서툴,균형
졸,猝,U+731D,갑자기,균형
종,椶,U+6936,종려나무,균형
종,棕,U+68D5,종려나무,균형
종,蹤,U+8E64,자취,균형
종,踪,U+8E2A,자취,균형
좌,左,U+5DE6,왼,균형
좌,坐,U+5750,앉을,균형
좌,佐,U+4F50,도울,균형
좌,座,U+5EA7,자리,균형
좌,挫,U+632B,꺽을,균형
좌,剉,U+5249,꺽을,균형
좌,痤,U+75E4,뾰루지,균형
좌,莝,U+839D,여물,균형
좌,髽,U+9AFD,북상투,균형
죄,罪,U+7F6A,허물,균형
주,舟,U+821F,배,균형
주,周,U+5468,두루,균형
주,株,U+682A,그루,균형
주,州,U+5DDE,고을,균형
주,皗,U+7697,,균형
주,邾,U+90BE,나라이름,균형
주,䎻,U+43BB,,균형
주,絑,U+7D51,,균형
주,䝬,U+476C,,균형
주,椆,U+6906,,균형
주,㫶,U+3AF6,,균형
주,珘,U+73D8,,균형
주,紸,U+7D38,,균형
주,調,U+8ABF,아침,균형
주,晭,U+666D,,균형
주,丟,U+4E1F,갈,균형
주,侜,U+4F9C,속일,밝음
주,儔,U+5114,무리,균형
주,遒,U+9052,다가설,균형
주,逎,U+900E,,균형
주,湊,U+6E4A,모일,밝음
주,凑,U+51D1,모일,밝음
죽,竹,U+7AF9,대,균형
죽,粥,U+7CA5,죽,균형
준,準,U+6E96,수준기,균형
준,俊,U+4FCA,준걸,균형
준,遵,U+9075,좇을,균형
준,樽,U+6A3D,술그릇,균형
준,蠢,U+8822,꿈틀거릴,균형
준,逡,U+9021,뒷걸음칠,균형
준,純,U+7D14,선으로 두를,균형
준,葰,U+8470,,균형
준,竴,U+7AF4,,균형
준,僔,U+50D4,모을,집중
준,陖,U+9656,,균형
준,睃,U+7743,,균형
준,餕,U+9915,대궁,균형
준,迿,U+8FFF,,균형
준,惷,U+60F7,어수선할,균형
준,𨶊,U+28D8A,,균형
준,懏,U+61CF,,균형
준,凖,U+51D6,準의 俗,균형
준,濬,U+6FEC,칠,균형
준,䜭,U+472D,,균형
준,埈,U+57C8,가파를,균형
중,中,U+4E2D,가운데,균형
중,重,U+91CD,무거울,균형
중,衆,U+8846,무리,균형
중,仲,U+4EF2,버금,균형
중,眾,U+773E,무리,균형
즉,卽,U+537D,곧,균형
즉,喞,U+559E,두런거릴,균형
즉,即,U+5373,곧,균형
증,烝,U+70DD,김 오를,균형
증,甑,U+7511,시루,균형
증,拯,U+62EF,건질,균형
증,繒,U+7E52,비단,균형
증,嶒,U+5D92,산 높고 험할,균형
증,矰,U+77F0,주살,균형
증,罾,U+7F7E,어망,균형
지,知,U+77E5,알,균형
지,𥎵,U+253B5,,균형
지,智,U+667A,슬기,지혜
지,𥏾,U+253FE,,균형
직,直,U+76F4,곧을,균형
직,職,U+8077,벼슬,균형
직,織,U+7E54,짤,균형
직,稙,U+7A19,올벼,균형
직,稷,U+7A37,기장,강인함
직,禝,U+799D,사람 이름,균형
진,振,U+632F,떨칠,균형
진,鎭,U+93AD,누를,균형
진,陣,U+9663,줄,균형
진,陳,U+9673,늘어놓을,균형
질,質,U+8CEA,바탕,균형
질,秩,U+79E9,차례,균형
질,疾,U+75BE,병,균형
질,姪,U+59EA,조카,균형
집,集,U+96C6,모일,밝음
집,執,U+57F7,잡을,균형
집,什,U+4EC0,세간,균형
집,潗,U+6F57,샘솟을,균형
집,輯,U+8F2F,모을,집중
집,楫,U+696B,노,균형
집,鏶,U+93F6,판금,균형
집,緝,U+7DDD,낳을,균형
집,咠,U+54A0,참소할,균형
집,戢,U+6222,그칠,균형
집,𬄕,U+2C115,,균형
징,徵,U+5FB5,부를,균형
징,懲,U+61F2,혼날,균형
징,澄,U+6F84,맑을,청렴
징,澂,U+6F82,맑을,청렴
징,瀓,U+7013,맑을,청렴
징,癥,U+7665,적취,균형
징,瞪,U+77AA,바로 볼,균형
착,着,U+7740,붙을,균형
착,錯,U+932F,섞일,밝음
착,捉,U+6349,잡을,균형
착,搾,U+643E,짤,균형
착,窄,U+7A84,좁을,균형
착,鑿,U+947F,뚫을,균형
착,齪,U+9F6A,악착할,균형
착,戳,U+6233,창으로 찌를,균형
착,擉,U+64C9,찌를,균형
착,斲,U+65B2,깎을,균형
찬,贊,U+8D0A,도울,균형
찬,讚,U+8B9A,기릴,균형
찰,察,U+5BDF,살필,균형
찰,札,U+672D,패,균형
찰,刹,U+5239,절,균형
찰,擦,U+64E6,뿌릴,균형
찰,紮,U+7D2E,감을,균형
찰,扎,U+624E,뺄,균형
참,參,U+53C3,간여할,균형
참,慘,U+6158,참혹할,균형
참,慙,U+6159,부끄러울,균형
참,慚,U+615A,부끄러울,균형
창,滄,U+6EC4,찰,균형
창,淐,U+6DD0,,균형
창,晿,U+667F,,균형
창,淌,U+6DCC,,균형
창,倀,U+5000,미칠,균형
창,傖,U+5096,천할,균형
창,凔,U+51D4,찰,균형
창,刱,U+5231,비롯할,균형
창,悵,U+60B5,슬퍼할,균형
창,惝,U+60DD,멍할,균형
창,戧,U+6227,다칠,균형
창,搶,U+6436,닿을,균형
창,氅,U+6C05,새털,균형
창,瑲,U+7472,옥 소리,균형
채,菜,U+83DC,나물,균형
채,採,U+63A1,캘,균형
채,彩,U+5F69,무늬,균형
채,債,U+50B5,빚,균형
채,采,U+91C7,캘,균형
채,埰,U+57F0,영지,균형
채,寀,U+5BC0,녹봉,균형
채,蔡,U+8521,거북,균형
채,綵,U+7DB5,비단,균형
채,寨,U+5BE8,울짱,균형
채,砦,U+7826,울타리,균형
채,釵,U+91F5,비녀,균형
채,琗,U+7417,,균형
채,責,U+8CAC,꾸짖을,균형
채,棌,U+68CC,참나무,균형
채,婇,U+5A47,,균형
채,睬,U+776C,주목할,균형
채,茝,U+831D,구리때,균형
책,責,U+8CAC,꾸짖을,균형
책,冊,U+518A,책,균형
책,策,U+7B56,채찍,균형
책,柵,U+67F5,울짱,균형
책,嘖,U+5616,외칠,균형
책,幘,U+5E58,건,균형
책,磔,U+78D4,찢을,균형
책,笧,U+7B27,책 상자,균형
책,簀,U+7C00,살평상,균형
책,蚱,U+86B1,벼메뚜기,균형
책,册,U+518C,책,균형
처,妻,U+59BB,아내,균형
처,處,U+8655,살,균형
처,凄,U+51C4,쓸쓸할,균형
처,悽,U+60BD,슬퍼할,균형
처,淒,U+6DD2,쓸쓸할,균형
처,萋,U+840B,풀 성하게 우거진 모양,균형
처,覷,U+89B7,엿볼,균형
처,郪,U+90EA,고을 이름,균형
처,処,U+51E6,위치할,균형
척,尺,U+5C3A,자,균형
척,斥,U+65A5,물리칠,균형
척,拓,U+62D3,주울,균형
척,戚,U+621A,겨레,균형
척,墌,U+588C,,균형
척,坧,U+5767,기지,균형
척,慼,U+617C,근심할,균형
척,慽,U+617D,근심할,균형
천,淺,U+6DFA,얕을,균형
천,賤,U+8CE4,천할,균형
천,踐,U+8E10,밟을,균형
천,遷,U+9077,옮길,균형
철,鐵,U+9435,쇠,균형
철,哲,U+54F2,밝을,밝음
철,徹,U+5FB9,통할,개방
철,喆,U+5586,밝을,밝음
철,鉄,U+9244,쇠,균형
첨,尖,U+5C16,뾰족할,균형
첨,添,U+6DFB,더할,균형
첨,甜,U+751C,달,균형
첨,甛,U+751B,달,균형
첩,妾,U+59BE,첩,균형
첩,帖,U+5E16,표제,균형
첩,捷,U+6377,이길,균형
첩,堞,U+581E,성가퀴,균형
첩,牒,U+7252,글씨판,균형
첩,疊,U+758A,거듭,균형
첩,睫,U+776B,속눈썹,균형
첩,諜,U+8ADC,염탐할,균형
첩,貼,U+8CBC,붙을,균형
첩,輒,U+8F12,문득,균형
첩,倢,U+5022,빠를,균형
첩,呫,U+546B,맛 볼,균형
첩,喋,U+558B,재잘거릴,균형
첩,怗,U+6017,고요할,안정
첩,褺,U+893A,겹옷,균형
청,菁,U+83C1,부추꽃,균형
청,鯖,U+9BD6,청어,청렴
청,凊,U+51CA,서늘할,균형
청,圊,U+570A,뒷간,균형
청,蜻,U+873B,귀뚜라미,균형
청,鶄,U+9D84,교청새,청렴
청,婧,U+5A67,날씬한,균형
초,草,U+8349,풀,균형
초,艸,U+8278,풀,균형
촉,促,U+4FC3,핍박할,균형
촉,燭,U+71ED,촛불,균형
촉,觸,U+89F8,받을,균형
촉,囑,U+56D1,부탁할,균형
촉,矗,U+77D7,곧을,균형
촉,蜀,U+8700,촉규화벌레,균형
촉,曯,U+66EF,비칠,균형
촉,爥,U+7225,비칠,균형
촉,矚,U+77DA,볼,균형
촉,薥,U+85A5,촉규화,균형
촉,躅,U+8E85,자취,균형
촉,髑,U+9AD1,해골,밝음
촌,寸,U+5BF8,치,균형
촌,村,U+6751,마을,균형
촌,忖,U+5FD6,헤아릴,균형
촌,吋,U+540B,인치(inch),균형
촌,邨,U+90A8,마을,균형
총,銃,U+9283,도끼 구멍,균형
총,總,U+7E3D,꿰맬,균형
총,聰,U+8070,귀 밝을,밝음
총,寵,U+5BF5,사랑할,균형
총,叢,U+53E2,떨기,균형
총,悤,U+60A4,바쁠,균형
총,憁,U+6181,실심할,균형
총,摠,U+6460,거느릴,균형
총,蔥,U+8525,파,균형
총,冢,U+51A2,무덤,균형
총,葱,U+8471,풀 더북할,균형
총,蓯,U+84EF,풀 더북할,균형
총,鏦,U+93E6,창,균형
총,驄,U+9A44,총이말,균형
총,聡,U+8061,,균형
총,塚,U+585A,무덤,균형
총,総,U+7DCF,다,균형
최,最,U+6700,가장,강인함
최,催,U+50AC,재촉할,균형
최,崔,U+5D14,산 우뚝할,균형
최,嘬,U+562C,물,균형
최,摧,U+6467,꺾을,균형
최,榱,U+69B1,서까래,균형
최,漼,U+6F3C,깊을,균형
최,璀,U+7480,옥빛 찬란할,밝음
최,磪,U+78EA,험하고 높을,균형
최,縗,U+7E17,상복,균형
최,脧,U+8127,불알,균형
추,鰌,U+9C0C,미꾸라지,균형
추,鰍,U+9C0D,미꾸라지,균형
축,軸,U+8EF8,바디집,균형
축,竺,U+7AFA,나라이름,균형
축,筑,U+7B51,비파,균형
축,蹙,U+8E59,찡그릴,균형
축,蹴,U+8E74,찰,균형
축,妯,U+59AF,동서,균형
축,舳,U+8233,고물,균형
축,豖,U+8C56,발 얽은 돼지걸음,균형
축,蹜,U+8E5C,발 끌어 디딜,균형
축,鼀,U+9F00,두꺼비,균형
춘,春,U+6625,봄,균형
춘,椿,U+693F,참죽나무,균형
춘,瑃,U+7443,옥 이름,균형
춘,賰,U+8CF0,,균형
출,出,U+51FA,날,균형
출,朮,U+672E,삽주뿌리,균형
출,黜,U+9EDC,내칠,균형
출,秫,U+79EB,차조,균형
충,充,U+5145,가득찰,균형
충,忠,U+5FE0,충성,균형
충,蟲,U+87F2,벌레,균형
충,衝,U+885D,충돌할,균형
충,珫,U+73EB,귀고리 옥,균형
충,沖,U+6C96,깊을,균형
충,衷,U+8877,가운데,균형
충,忡,U+5FE1,근심할,균형
충,虫,U+866B,벌레,균형
충,冲,U+51B2,깊을,균형
취,翠,U+7FE0,비취,균형
취,聚,U+805A,모을,집중
취,嘴,U+5634,부리,균형
취,娶,U+5A36,장가들,강인함
취,炊,U+708A,불 지필,균형
취,脆,U+8106,연할,균형
취,驟,U+9A5F,몰아갈,균형
취,鷲,U+9DF2,독수리,균형
취,冣,U+51A3,쌓을,균형
취,橇,U+6A47,진흙 썰매,균형
취,毳,U+6BF3,솜털,균형
측,側,U+5074,곁,균형
측,測,U+6E2C,측량할,균형
측,仄,U+4EC4,기울,균형
측,惻,U+60FB,슬플,균형
측,廁,U+5EC1,뒷간,균형
측,昃,U+6603,기울,균형
측,厠,U+53A0,뒷간,균형
층,層,U+5C64,겹,균형
치,輜,U+8F1C,짐수레,균형
치,稚,U+7A1A,어린 벼,균형
치,卮,U+536E,술잔,균형
치,哆,U+54C6,입 딱 벌일,밝음
치,寘,U+5BD8,둘,균형
치,畤,U+7564,제터,균형
치,痓,U+75D3,풍병,균형
치,絺,U+7D7A,가는 칡베,균형
치,菑,U+83D1,따비밭,균형
치,薙,U+8599,풀 깎을,균형
치,褫,U+892B,옷 빼앗을,균형
치,豸,U+8C78,발 없는 벌레,균형
치,跱,U+8DF1,머뭇거릴,균형
치,錙,U+9319,저울눈,균형
치,癡,U+7661,어리석을,균형
치,痴,U+75F4,어리석을,균형
치,穉,U+7A49,어릴,균형
칙,則,U+5247,법칙,균형
칙,勅,U+52C5,신칙할,균형
칙,飭,U+98ED,갖출,균형
칙,敕,U+6555,경계할,균형
친,親,U+89AA,사랑할,균형
친,櫬,U+6AEC,관,균형
친,襯,U+896F,속옷,균형
칠,七,U+4E03,일곱,밝음
칠,漆,U+6F06,옻나무,균형
칠,柒,U+67D2,일곱,밝음
침,琛,U+741B,보배,균형
침,砧,U+7827,방칫돌,개방
침,鍼,U+937C,바늘,균형
침,棽,U+68FD,,균형
침,寖,U+5BD6,젖을,균형
침,忱,U+5FF1,믿을,균형
침,椹,U+6939,모탕,균형
침,郴,U+90F4,땅이름,균형
침,鋟,U+92DF,새길,균형
침,駸,U+99F8,말 몰아 달릴,균형
칭,稱,U+7A31,저울질할,균형
칭,秤,U+79E4,저울,균형
쾌,快,U+5FEB,기분이 좋을,균형
쾌,夬,U+592C,결단할,균형
쾌,噲,U+5672,목구멍,균형
타,他,U+4ED6,다를,균형
타,打,U+6253,때릴,균형
타,妥,U+59A5,편안할,안정
타,墮,U+58AE,떨어질,지혜
타,橢,U+6A62,둥글길죽할,균형
타,楕,U+6955,길고 둥글,균형
탁,濁,U+6FC1,흐릴,균형
탁,托,U+6258,밀칠,균형
탁,濯,U+6FEF,씻을,균형
탁,卓,U+5353,높을,균형
탁,橐,U+6A50,전대,균형
탁,槖,U+69D6,,균형
탄,炭,U+70AD,숯,균형
탄,歎,U+6B4E,탄식할,균형
탄,彈,U+5F48,쏠,균형
탄,誕,U+8A95,기를,균형
탄,呑,U+5451,삼킬,균형
탄,坦,U+5766,너그러울,균형
탄,灘,U+7058,여울,균형
탄,嘆,U+5606,한숨쉴,균형
탄,憚,U+619A,수고로울,균형
탄,綻,U+7DBB,옷 터질,균형
탄,暺,U+66BA,,균형
탄,憻,U+61BB,평탄할,균형
탄,攤,U+6524,열,개방
탄,殫,U+6BAB,다할,균형
탄,癱,U+7671,중풍증,균형
탄,驒,U+9A52,돈짝무늬총이말,균형
탈,脫,U+812B,벗어날,균형
탈,奪,U+596A,빼앗을,균형
탈,侻,U+4FBB,간사할,균형
탐,探,U+63A2,더듬을,균형
탐,貪,U+8CAA,탐할,균형
탐,耽,U+803D,즐길,균형
탐,眈,U+7708,노려볼,균형
탐,嗿,U+55FF,여럿이 먹는 소리,균형
탐,忐,U+5FD0,마을 허할,균형
탐,酖,U+9156,술 즐길,균형
탑,塔,U+5854,탑,균형
탑,榻,U+69BB,평상,균형
탑,傝,U+509D,답답할,균형
탑,塌,U+584C,낮은 땅,균형
탑,搨,U+6428,비문 박을,균형
탕,湯,U+6E6F,물 끓일,밝음
탕,宕,U+5B95,골집,균형
탕,帑,U+5E11,나라 곳집,균형
탕,糖,U+7CD6,엿,균형
탕,蕩,U+8569,넓고 클,성장|개방
탕,燙,U+71D9,씻을,균형
탕,盪,U+76EA,씻을,균형
탕,碭,U+78AD,무늬진 돌,균형
탕,蘯,U+862F,쓸,균형
택,宅,U+5B85,집,균형
택,澤,U+6FA4,못,균형
택,擇,U+64C7,가릴,균형
택,垞,U+579E,언덕,균형
토,土,U+571F,흙,균형
토,吐,U+5410,토할,균형
토,討,U+8A0E,다스릴,균형
토,兔,U+5154,토끼,균형
토,兎,U+514E,토키,균형
통,通,U+901A,뚫릴,균형
통,統,U+7D71,거느릴,균형
통,痛,U+75DB,아플,균형
통,桶,U+6876,엿되들이 통,개방
통,慟,U+615F,서러울,균형
통,洞,U+6D1E,구렁,균형
통,筒,U+7B52,사통대,개방
통,恫,U+606B,슬플,균형
통,樋,U+6A0B,대 홈,균형
통,筩,U+7B69,대나무통,개방
퇴,退,U+9000,물러갈,균형
퇴,堆,U+5806,흙무더기 퇴 놓을,균형
퇴,槌,U+69CC,몽둥이,균형
퇴,腿,U+817F,넓적다리,개방
퇴,褪,U+892A,옷 벗을,균형
퇴,頹,U+9839,기울어질,지혜
퇴,隤,U+96A4,무너질,균형
투,投,U+6295,던질,균형
투,透,U+900F,통할,개방
투,鬪,U+9B2A,싸움,균형
투,偸,U+5078,훔칠,균형
투,套,U+5957,전례,균형
투,妬,U+59AC,투기할,균형
투,妒,U+5992,투기할,균형
투,渝,U+6E1D,빛 변할,밝음
투,骰,U+9AB0,주사위,균형
특,特,U+7279,우뚝할,균형
특,慝,U+615D,간악할,균형
특,忒,U+5FD2,변할,균형
판,判,U+5224,판단할,균형
판,板,U+677F,널조각,균형
판,販,U+8CA9,장사,강인함
판,版,U+7248,조각,균형
판,阪,U+962A,산비탈,균형
판,坂,U+5742,언덕,균형
판,瓣,U+74E3,외씨,균형
판,辦,U+8FA6,힘들일,밝음
판,鈑,U+9211,불린 금,균형
팔,八,U+516B,여덟,균형
팔,叭,U+53ED,나팔,균형
팔,捌,U+634C,깨뜨릴,균형
팔,朳,U+6733,고무래,균형
팔,汃,U+6C43,물결치는 소리,균형
패,貝,U+8C9D,조개,개방
패,敗,U+6557,헐어질,지혜
패,浿,U+6D7F,물이름,균형
패,佩,U+4F69,패옥,균형
패,牌,U+724C,방 붙일,밝음|개방
패,唄,U+5504,염불소리,균형
패,悖,U+6096,거스를,균형
패,沛,U+6C9B,둥둥 뜰,균형
패,狽,U+72FD,이리,균형
패,稗,U+7A17,돌피,균형
패,霸,U+9738,으뜸,균형
패,孛,U+5B5B,혜성,균형
패,旆,U+65C6,기,균형
패,珮,U+73EE,노리개,개방
패,霈,U+9708,비 쏟아질,균형
패,覇,U+8987,으뜸,균형
편,扁,U+6241,특별할,균형
편,翩,U+7FE9,훌쩍 날,균형
편,鞭,U+97AD,채찍,균형
편,騙,U+9A19,속일,밝음
편,匾,U+533E,납작할,균형
편,徧,U+5FA7,두루 미칠,균형
편,惼,U+60FC,조급할,균형
편,緶,U+7DF6,꿰맬,균형
편,艑,U+8251,거룻배,균형
편,萹,U+8439,마디풀,균형
편,蝙,U+8759,박쥐,균형
편,褊,U+890A,좁을,균형
편,諞,U+8ADE,공교한 말,균형
평,平,U+5E73,평탄할,균형
평,評,U+8A55,평론할,균형
평,坪,U+576A,벌판,균형
평,枰,U+67B0,장기판,강인함
평,泙,U+6CD9,물소리,균형
평,萍,U+840D,마름,균형
평,怦,U+6026,맘 급할,균형
평,抨,U+62A8,탄핵할,균형
평,苹,U+82F9,맑은 대쑥,청렴
평,蓱,U+84F1,마름,균형
평,鮃,U+9B83,가자미,균형
폐,陛,U+965B,대궐 섬돌,균형
폐,吠,U+5420,짖을,균형
폐,嬖,U+5B16,사랑할,균형
폐,斃,U+6583,죽을,균형
폐,敝,U+655D,옷 해질,밝음
폐,狴,U+72F4,짐승이름,균형
폐,獘,U+7358,곤할,균형
폐,癈,U+7648,고질병,균형
포,脯,U+812F,포,균형
포,苞,U+82DE,그령풀,균형
포,蒲,U+84B2,부들풀,균형
포,袍,U+888D,도포,균형
포,逋,U+900B,달아날,균형
포,鮑,U+9B91,절인 생선,균형
포,拋,U+62CB,던질,균형
포,儤,U+5124,번 설,균형
포,庖,U+5E96,푸줏간,균형
포,晡,U+6661,신시,균형
포,曓,U+66D3,급할,균형
포,炮,U+70AE,그슬릴,균형
포,炰,U+70B0,그슬,균형
포,誧,U+8AA7,꾀할,균형
포,抛,U+629B,던질,균형
폭,暴,U+66B4,햇빛 쪼일,밝음
폭,爆,U+7206,불터질,균형
폭,幅,U+5E45,폭,균형
폭,曝,U+66DD,햇볕에 말릴,밝음
폭,瀑,U+7011,폭포수,균형
폭,輻,U+8F3B,바퀴살통,개방
표,表,U+8868,겉,균형
표,票,U+7968,쪽지,균형
표,標,U+6A19,표시할,균형
표,漂,U+6F02,뜰,균형
표,飆,U+98C6,폭풍,균형
표,飇,U+98C7,회오리바람,균형
품,品,U+54C1,뭇,균형
품,稟,U+7A1F,여쭐,균형
풍,風,U+98A8,바람,균형
풍,豐,U+8C50,풍년,균형
풍,諷,U+8AF7,비유로 간할,균형
풍,馮,U+99AE,벼슬이름,균형
풍,楓,U+6953,단풍나무,균형
풍,瘋,U+760B,두풍,균형
풍,豊,U+8C4A,풍년,균형
피,披,U+62AB,헤칠,균형
피,陂,U+9642,기울어질,지혜
피,詖,U+8A56,말 잘할,균형
피,鞁,U+9781,말 가슴걸이,균형
피,髲,U+9AF2,머리쓰개,개방
필,必,U+5FC5,반드시,균형
필,匹,U+5339,짝,균형
필,筆,U+7B46,붓,균형
필,畢,U+7562,마칠,균형
하,廈,U+5EC8,큰 집,성장
하,厦,U+53A6,큰 집,성장
하,夏,U+590F,여름,균형
하,昰,U+6630,여름,균형
학,學,U+5B78,배울,균형
학,鶴,U+9DB4,두루미,균형
학,壑,U+58D1,골짜기,균형
학,虐,U+8650,사나울,균형
학,謔,U+8B14,희롱할,균형
학,嗃,U+55C3,꾸짖을,균형
학,狢,U+72E2,오소리,균형
학,瘧,U+7627,학질,지혜
학,皬,U+76AC,흴,균형
학,确,U+786E,확실할,균형
학,郝,U+90DD,고을 이름,균형
학,鷽,U+9DFD,메까치,균형
학,学,U+5B66,배울,균형
할,割,U+5272,벨,균형
할,轄,U+8F44,다스릴,균형
할,瞎,U+778E,애꾸눈,균형
함,咸,U+54B8,모두,균형
함,含,U+542B,머금을,균형
함,陷,U+9677,빠질,균형
함,函,U+51FD,상자,균형
함,涵,U+6DB5,젖을,균형
함,艦,U+8266,싸움배,균형
함,喊,U+558A,소리,균형
함,檻,U+6ABB,우리,균형
함,緘,U+7DD8,봉할,균형
함,銜,U+929C,재갈,균형
함,鹹,U+9E79,짤,균형
함,菡,U+83E1,연봉오리,균형
함,莟,U+839F,꽃봉오리,균형
함,諴,U+8AF4,화할,균형
함,轞,U+8F5E,함거,균형
함,闞,U+95DE,범 소리,균형
함,啣,U+5563,재갈,균형
합,合,U+5408,합할,균형
합,哈,U+54C8,한 모금,균형
합,盒,U+76D2,소반 뚜껑,균형
합,蛤,U+86E4,조개,개방
합,閤,U+95A4,도장,강인함
합,闔,U+95D4,문짝,균형
합,陜,U+965C,땅이름,균형
합,匌,U+530C,기운 답답할,균형
합,嗑,U+55D1,잔말할,균형
합,柙,U+67D9,우리,균형
합,榼,U+69BC,술그릇,균형
합,溘,U+6E98,문득,균형
합,盍,U+76CD,덮을,균형
합,郃,U+90C3,땅이름,균형
항,亢,U+4EA2,목,균형
항,沆,U+6C86,큰 물,성장
항,姮,U+59EE,항아,균형
항,伉,U+4F09,강직할,강인함
항,杭,U+676D,건널,균형
항,桁,U+6841,수갑,균형
항,缸,U+7F38,항아리,균형
항,肛,U+809B,똥구멍,균형
항,行,U+884C,시장,강인함
항,降,U+964D,항복할,균형
항,夯,U+592F,멜,균형
항,炕,U+7095,마를,균형
항,缿,U+7F3F,항통,개방
항,頏,U+980F,목,균형
항,恒,U+6052,늘,균형
항,恆,U+6046,항상,균형
항,嫦,U+5AE6,항아,균형
해,澥,U+6FA5,,균형
해,祄,U+7944,,균형
해,晐,U+6650,,균형
해,嶰,U+5DB0,골짝 사이,균형
해,廨,U+5EE8,관청,청렴
해,欬,U+6B2C,기침할,균형
해,獬,U+736C,신통한 양,개방
해,痎,U+75CE,학질,지혜
해,薤,U+85A4,염교,균형
해,醢,U+91A2,젓,균형
해,頦,U+9826,턱,균형
해,鮭,U+9BAD,어채,균형
해,䀭,U+402D,,균형
해,絯,U+7D6F,,균형
해,海,U+6D77,바다,균형
핵,核,U+6838,실과,균형
핵,劾,U+52BE,캐물을,균형
핵,翮,U+7FEE,깃촉,균형
핵,覈,U+8988,핵실할,균형
행,行,U+884C,다닐,균형
행,幸,U+5E78,다행할,균형
행,杏,U+674F,살구,균형
행,倖,U+5016,요행,균형
행,荇,U+8347,마름풀,균형
행,涬,U+6DAC,,균형
행,悻,U+60BB,발끈 성낼,균형
향,珦,U+73E6,옥 이름,균형
향,嚮,U+56AE,향할,균형
향,餉,U+9909,먹일,밝음
향,饗,U+9957,잔치할,균형
향,麘,U+9E98,,균형
향,晑,U+6651,,균형
향,薌,U+858C,곡기,균형
허,虛,U+865B,빌,균형
허,許,U+8A31,허락할,균형
허,墟,U+589F,옛 터,균형
허,噓,U+5653,불,균형
허,歔,U+6B54,한숨 쉴,균형
헌,軒,U+8ED2,초헌,균형
헌,憲,U+61B2,법,균형
헌,獻,U+737B,바칠,균형
헌,櫶,U+6AF6,나무 이름,균형
헌,䡣,U+4863,,균형
헌,㦥,U+39A5,,균형
헌,昍,U+660D,,균형
헌,巚,U+5DDA,봉우리,균형
헌,幰,U+5E70,수레 안장,강인함
헌,攇,U+6507,비길,균형
험,險,U+96AA,험할,균형
험,驗,U+9A57,시험할,균형
험,嶮,U+5DAE,산 가파를,균형
험,獫,U+736B,험윤 오랑캐,균형
험,玁,U+7381,오랑캐 이름,균형
혁,革,U+9769,가죽,균형
혁,赫,U+8D6B,불 이글이글할,균형
혁,爀,U+7200,불빛,밝음
혁,奕,U+5955,아름다울,균형
혁,焱,U+7131,불꽃,균형
혁,侐,U+4F90,고요할,안정
혁,焃,U+7103,,균형
혁,𧹽,U+27E7D,,균형
혁,嚇,U+5687,노할,균형
혁,弈,U+5F08,바둑둘,균형
혁,洫,U+6D2B,넘칠,균형
혁,鬩,U+9B29,송사할,균형
현,衒,U+8852,자랑할,균형
현,弦,U+5F26,시위,균형
현,儇,U+5107,영리할,균형
현,譞,U+8B5E,,균형
현,怰,U+6030,,균형
현,䧋,U+49CB,,균형
현,鋗,U+92D7,노구솥,균형
현,㢺,U+38BA,,균형
현,琄,U+7404,옥 모양,균형
현,嬛,U+5B1B,산뜻할,균형
현,娊,U+5A0A,,균형
현,妶,U+59B6,,균형
현,灦,U+7066,,균형
현,㭹,U+3B79,,균형
현,顯,U+986F,나타날,균형
현,顕,U+9855,나타날,균형
현,䝮,U+476E,,균형
혈,血,U+8840,피,균형
혈,穴,U+7A74,굴,균형
혈,孑,U+5B51,외로울,균형
혈,頁,U+9801,머리,균형
혈,絜,U+7D5C,헤아릴,균형
혈,趐,U+8D90,새가 떼로 날,균형
혐,嫌,U+5ACC,싫어할,균형
협,協,U+5354,조화할,균형
협,脅,U+8105,갈빗대,균형
협,脇,U+8107,위협할,균형
형,迥,U+8FE5,막을,균형
형,逈,U+9008,멀,균형
혜,惠,U+60E0,은혜,균형
혜,慧,U+6167,슬기로울,지혜
혜,兮,U+516E,어조사,균형
혜,恵,U+6075,은혜,균형
호,芐,U+8290,,균형
호,芦,U+82A6,지황,균형
호,浩,U+6D69,클,성장
호,澔,U+6F94,넓을,개방
호,號,U+865F,울부짖을,균형
호,号,U+53F7,이름,균형
혹,或,U+6216,혹,균형
혹,惑,U+60D1,미혹할,균형
혹,酷,U+9177,독할,균형
혹,熇,U+7187,뜨거울,균형
혼,婚,U+5A5A,혼인할,균형
혼,混,U+6DF7,섞을,균형
혼,昏,U+660F,어두울,균형
혼,魂,U+9B42,넋,균형
혼,渾,U+6E3E,흐릴,균형
혼,琿,U+743F,아름다운 옥,균형
혼,俒,U+4FD2,완전할,균형
혼,䫟,U+4ADF,,균형
혼,圂,U+5702,뒷간,균형
혼,湣,U+6E63,낚시줄,균형
혼,溷,U+6EB7,어지러울,균형
혼,焜,U+711C,빛날,밝음
혼,閽,U+95BD,문지기,균형
홀,忽,U+5FFD,소흘히 할,균형
홀,惚,U+60DA,황홀할,균형
홀,笏,U+7B0F,홀,균형
홀,囫,U+56EB,온전할,균형
홍,紅,U+7D05,붉을,균형
홍,洪,U+6D2A,큰물,성장
홍,弘,U+5F18,넓을,개방
홍,鴻,U+9D3B,큰 기러기,성장
홍,泓,U+6CD3,깊을,균형
홍,烘,U+70D8,횃불,균형
홍,虹,U+8679,무지개,개방
홍,鉷,U+9277,돌쇠뇌,균형
홍,哄,U+54C4,떠들썩할,균형
홍,汞,U+6C5E,수은,균형
홍,訌,U+8A0C,무너질,균형
홍,晎,U+664E,날 밝으려 할,밝음
홍,澒,U+6F92,수은,균형
홍,篊,U+7BCA,홈통,개방
홍,鬨,U+9B28,싸울,균형
화,和,U+548C,화할,균형
화,話,U+8A71,말할,균형
화,畫,U+756B,그림,균형
화,華,U+83EF,꽃,균형
화,嬅,U+5B05,여자 이름,균형
화,樺,U+6A3A,자작나무,균형
화,譁,U+8B41,시끄러울,균형
화,靴,U+9774,신,균형
화,澕,U+6F95,,균형
화,俰,U+4FF0,화할,균형
화,嘩,U+5629,떠들썩할,균형
화,驊,U+9A4A,준마,균형
화,龢,U+9FA2,풍류 조화될,균형
화,畵,U+7575,그림,균형
확,確,U+78BA,굳을,강인함
확,穫,U+7A6B,벼 벨,균형
확,擴,U+64F4,넓힐,개방
확,廓,U+5ED3,클,성장
확,攫,U+652B,붙잡을,균형
확,矍,U+77CD,두리번거릴,균형
확,矡,U+77E1,호미,균형
확,礭,U+792D,회초리,균형
확,鑊,U+944A,가마,균형
확,碻,U+78BB,굳을,강인함
활,活,U+6D3B,살,균형
활,闊,U+95CA,트일,밝음
활,滑,U+6ED1,미끄러울,균형
활,猾,U+733E,교활할,균형
활,豁,U+8C41,뚫린 골,균형
활,蛞,U+86DE,괄태충,균형
활,濶,U+6FF6,,균형
황,黃,U+9EC3,누를,균형
황,皇,U+7687,임금,균형
황,況,U+6CC1,하물며,균형
황,荒,U+8352,거칠,균형
황,慌,U+614C,어렴풋할,균형
황,湟,U+6E5F,해자,밝음
황,潢,U+6F62,웅덩이,균형
황,篁,U+7BC1,대숲,균형
황,簧,U+7C27,혀,균형
황,蝗,U+8757,누리,균형
황,遑,U+9051,허둥거릴,균형
황,隍,U+968D,해자,밝음
황,楻,U+697B,,균형
황,喤,U+55A4,어린아이 울음,균형
황,怳,U+6033,멍할,균형
황,瑝,U+745D,옥 소리,균형
황,肓,U+8093,명치 끝,밝음
황,貺,U+8CBA,줄,균형
황,晃,U+6643,밝을,밝음
황,晄,U+6644,밝을,밝음
회,回,U+56DE,돌,균형
회,會,U+6703,모일,밝음
회,悔,U+6094,뉘우칠,균형
회,懷,U+61F7,품을,균형
회,繪,U+7E6A,그림,균형
회,絵,U+7D75,,균형
회,会,U+4F1A,모일,밝음
획,獲,U+7372,얻을,균형
획,劃,U+5283,쪼갤,균형
획,画,U+753B,그을,균형
획,嚄,U+5684,외칠,균형
횡,橫,U+6A6B,가로,균형
횡,鐄,U+9404,종,균형
횡,宖,U+5B96,집 울릴,균형
횡,澋,U+6F8B,물이 빙 돌,균형
횡,鈜,U+921C,쇳소리,균형
횡,黌,U+9ECC,글방,개방
효,孝,U+5B5D,효도,균형
효,效,U+6548,본받을,균형
효,曉,U+66C9,새벽,균형
효,効,U+52B9,본받을,균형
후,後,U+5F8C,뒤,균형
후,厚,U+539A,두터울,균형
후,侯,U+4FAF,과녁,균형
후,候,U+5019,물을,균형
훈,訓,U+8A13,가르칠,균형
훈,勳,U+52F3,공,균형
훈,焄,U+7104,연기에 그을릴,균형
훈,熏,U+718F,연기 낄,균형
훈,薰,U+85B0,향불,균형
훈,壎,U+58CE,진나팔,균형
훈,燻,U+71FB,연기 낄,균형
훈,鑂,U+9442,금빛 투색할,밝음
훈,暈,U+6688,무리,균형
훈,纁,U+7E81,분홍빛,밝음
훈,煇,U+7147,지질,균형
훈,薫,U+85AB,향내,균형
훈,曛,U+66DB,삭양 빛,밝음
훈,獯,U+736F,오랑캐 이름,균형
훈,葷,U+8477,매운 채소,균형
훼,毁,U+6BC1,헐,균형
훼,喙,U+5599,부리,균형
훼,毀,U+6BC0,헐,균형
훼,𠦄,U+20984,,균형
훼,燬,U+71EC,불,균형
훼,芔,U+8294,풀,균형
훼,虺,U+867A,살무사,균형
훼,卉,U+5349,풀,균형
휘,揮,U+63EE,휘두를,밝음
휘,輝,U+8F1D,빛날,밝음
휘,彙,U+5F59,무리,균형
휘,徽,U+5FBD,아름다울,균형
휘,暉,U+6689,빛,밝음
휘,煇,U+7147,빛날,밝음
휘,諱,U+8AF1,꺼릴,균형
휘,麾,U+9EBE,대장기,강인함
휘,煒,U+7152,벌그레할,균형
휘,撝,U+649D,찣을,균형
휘,翬,U+7FEC,훨훨 날,균형
휴,休,U+4F11,쉴,균형
휴,携,U+643A,끌,균형
휴,烋,U+70CB,경사로울,균형
휴,畦,U+7566,밭두둑,균형
휴,虧,U+8667,이지러질,균형
휴,庥,U+5EA5,,균형
휴,咻,U+54BB,떠들,균형
휴,隳,U+96B3,무너뜨릴,균형
휴,髹,U+9AF9,옻칠할,균형
휴,鵂,U+9D42,수리부엉이,균형
흉,凶,U+51F6,흉할,균형
흉,胸,U+80F8,가슴,균형
흉,兇,U+5147,흉악할,균형
흉,匈,U+5308,오랑캐,균형
흉,洶,U+6D36,물살세찰,균형
흉,恟,U+605F,두려워할,균형
흉,胷,U+80F7,가슴,균형
흑,黑,U+9ED1,검을,균형
흡,吸,U+5438,숨 들이쉴,균형
흡,洽,U+6D3D,윤태하게 할,균형
흡,恰,U+6070,마치,균형
흡,翕,U+7FD5,합할,균형
흡,噏,U+564F,숨 들이쉴,균형
흡,歙,U+6B59,줄일,밝음
흡,潝,U+6F5D,빨리 흐르는 소리,균형
흡,翖,U+7FD6,합할,균형
흥,興,U+8208,일,밝음
희,希,U+5E0C,바랄,균형
희,喜,U+559C,기뻐할,균형
희,稀,U+7A00,드물,균형
희,戲,U+6232,탄식할,균형
희,憘,U+6198,기쁠,균형
희,犧,U+72A7,희생,균형
희,噫,U+566B,탄식할,균형
희,熙,U+7199,빛날,밝음
희,烯,U+70EF,,균형
희,暿,U+66BF,웃을,균형
희,譆,U+8B46,,균형
희,㜯,U+372F,,균형
희,咥,U+54A5,허허 웃을,균형
희,唏,U+550F,슬퍼할,균형
희,嘻,U+563B,웃을,균형
희,悕,U+6095,슬퍼할,균형
희,欷,U+6B37,흐느낄,균형
희,燹,U+71F9,들불,균형
